Date,Country,Traffic_Channel,Device,Sessions,Bounce_Rate,Cart_Additions,Conversions,Revenue,Ad_Spend,ROI
2026-05-10,United States,Paid Ads,Mobile,6,0.48,0,0,0.0,99.76,-1.0
2025-12-22,United Kingdom,Referral,Mobile,43,0.22,9,8,2379.05,0.0,0.0
2025-07-08,India,Social Media,Desktop,14,0.29,12,0,0.0,0.0,0.0
2025-11-11,India,Organic Search,Tablet,42,0.28,10,6,2062.01,0.0,0.0
2025-01-12,United States,Social Media,Mobile,12,0.24,2,2,610.42,0.0,0.0
2025-02-18,United Kingdom,Social Media,Mobile,5,0.24,4,2,438.04,0.0,0.0
2025-01-10,India,Paid Ads,Mobile,11,0.54,6,1,64.22,53.8,0.19
2026-03-07,United States,Paid Ads,Mobile,40,0.26,5,4,1196.08,75.66,14.81
2025-07-28,United States,Social Media,Mobile,47,0.75,6,1,185.62,0.0,0.0
2025-02-05,Germany,Email,Mobile,32,0.49,3,1,71.18,0.0,0.0
2025-03-03,India,Paid Ads,Mobile,5,0.63,5,2,270.52,33.15,7.16
2025-01-01,United Kingdom,Organic Search,Mobile,25,0.28,12,1,251.72,0.0,0.0
2025-09-03,United States,Paid Ads,Mobile,8,0.2,1,0,0.0,30.27,-1.0
2025-10-19,United States,Paid Ads,Mobile,2,0.19,0,0,0.0,42.19,-1.0
2025-07-09,India,Paid Ads,Mobile,25,0.54,4,3,603.3,87.57,5.89
2026-05-02,United Kingdom,Paid Ads,Desktop,16,0.74,14,5,532.21,104.36,4.1
2025-10-07,India,Paid Ads,Mobile,39,0.74,6,4,267.11,105.33,1.54
2025-01-04,United States,Direct,Mobile,5,0.31,4,1,297.69,0.0,0.0
2025-04-29,India,Organic Search,Desktop,4,0.72,4,1,217.39,0.0,0.0
2025-03-26,Germany,Organic Search,Mobile,20,0.2,6,2,349.95,0.0,0.0
2025-12-16,India,Paid Ads,Desktop,13,0.54,3,2,386.72,20.46,17.9
2025-04-25,India,Organic Search,Tablet,42,0.56,8,2,564.95,0.0,0.0
2026-03-21,Germany,Paid Ads,Desktop,14,0.62,9,5,315.78,71.87,3.39
2026-03-19,India,Email,Mobile,31,0.25,10,7,1143.05,0.0,0.0
2025-06-28,Germany,Email,Desktop,3,0.19,0,0,0.0,0.0,0.0
2026-01-22,Singapore,Direct,Desktop,42,0.38,14,1,67.97,0.0,0.0
2025-02-26,Germany,Organic Search,Mobile,33,0.32,15,2,377.16,0.0,0.0
2025-02-11,United States,Paid Ads,Mobile,20,0.67,3,2,254.7,9.02,27.24
2026-06-04,Canada,Social Media,Desktop,40,0.2,3,0,0.0,0.0,0.0
2026-04-02,United States,Social Media,Desktop,35,0.4,3,1,57.2,0.0,0.0
2025-05-30,United Kingdom,Direct,Mobile,8,0.34,3,3,222.52,0.0,0.0
2025-10-20,Germany,Organic Search,Desktop,39,0.58,8,1,128.21,0.0,0.0
2026-06-10,India,Paid Ads,Mobile,18,0.3,15,7,1559.6,12.99,119.06
2025-06-10,Germany,Direct,Desktop,25,0.15,9,3,502.23,0.0,0.0
2026-03-27,United Kingdom,Social Media,Desktop,29,0.71,5,4,1232.01,0.0,0.0
2025-01-29,India,Paid Ads,Mobile,38,0.38,3,1,246.24,87.94,1.8
2025-04-20,India,Direct,Mobile,35,0.6,6,6,655.07,0.0,0.0
2025-08-27,United Kingdom,Paid Ads,Desktop,27,0.56,11,2,228.84,118.54,0.93
2025-09-06,India,Social Media,Mobile,45,0.65,9,2,537.08,0.0,0.0
2026-06-12,United Kingdom,Organic Search,Desktop,18,0.63,10,1,190.28,0.0,0.0
2025-10-30,United States,Organic Search,Desktop,42,0.7,10,2,124.39,0.0,0.0
2026-05-07,United States,Social Media,Mobile,41,0.25,11,8,2063.69,0.0,0.0
2025-11-18,United States,Organic Search,Mobile,23,0.25,2,1,187.76,0.0,0.0
2026-06-11,United Kingdom,Social Media,Desktop,24,0.17,13,0,0.0,0.0,0.0
2025-12-16,India,Organic Search,Desktop,1,0.22,0,0,0.0,0.0,0.0
2025-11-21,United States,Social Media,Desktop,29,0.28,7,0,0.0,0.0,0.0
2025-06-14,Germany,Paid Ads,Desktop,24,0.73,3,0,0.0,23.58,-1.0
2025-03-12,Germany,Social Media,Desktop,43,0.27,1,1,268.45,0.0,0.0
2026-01-11,India,Social Media,Desktop,4,0.16,0,0,0.0,0.0,0.0
2025-02-20,United Kingdom,Social Media,Mobile,34,0.33,0,0,0.0,0.0,0.0
2025-04-28,Canada,Referral,Mobile,1,0.32,0,0,0.0,0.0,0.0
2025-04-07,India,Organic Search,Desktop,23,0.51,12,5,390.9,0.0,0.0
2025-10-10,United States,Social Media,Mobile,31,0.39,12,4,1394.93,0.0,0.0
2025-09-18,India,Referral,Mobile,10,0.24,6,0,0.0,0.0,0.0
2026-02-03,India,Organic Search,Desktop,6,0.51,1,0,0.0,0.0,0.0
2026-04-12,India,Paid Ads,Mobile,3,0.28,1,1,337.71,57.72,4.85
2025-03-15,Canada,Organic Search,Desktop,48,0.48,4,0,0.0,0.0,0.0
2025-06-08,India,Organic Search,Mobile,47,0.55,0,0,0.0,0.0,0.0
2026-01-25,United Kingdom,Organic Search,Desktop,27,0.54,1,1,329.14,0.0,0.0
2025-11-05,Singapore,Email,Mobile,8,0.35,4,2,595.45,0.0,0.0
2026-02-15,United States,Social Media,Desktop,26,0.73,10,4,940.37,0.0,0.0
2025-03-17,India,Social Media,Mobile,8,0.63,8,8,638.01,0.0,0.0
2025-05-07,Canada,Paid Ads,Mobile,19,0.21,0,0,0.0,24.25,-1.0
2026-05-13,United States,Paid Ads,Desktop,10,0.35,6,5,284.43,102.5,1.77
2026-01-24,United States,Direct,Desktop,8,0.68,8,8,2790.6,0.0,0.0
2026-06-06,Germany,Email,Mobile,31,0.52,5,5,997.35,0.0,0.0
2026-05-17,India,Social Media,Desktop,44,0.37,2,2,475.51,0.0,0.0
2025-01-24,Germany,Social Media,Desktop,28,0.35,15,5,784.23,0.0,0.0
2026-03-14,Singapore,Organic Search,Mobile,47,0.63,8,5,540.05,0.0,0.0
2025-02-20,Singapore,Paid Ads,Mobile,13,0.42,5,4,560.51,56.03,9.0
2025-05-15,Singapore,Social Media,Tablet,38,0.75,15,4,213.71,0.0,0.0
2025-10-20,India,Organic Search,Mobile,30,0.49,13,6,704.85,0.0,0.0
2025-09-14,India,Organic Search,Desktop,21,0.74,5,5,320.24,0.0,0.0
2025-09-17,India,Organic Search,Desktop,20,0.19,10,7,2131.07,0.0,0.0
2025-09-28,India,Direct,Desktop,15,0.34,2,1,210.68,0.0,0.0
2025-09-03,United States,Organic Search,Mobile,34,0.24,9,3,1040.7,0.0,0.0
2026-02-20,Germany,Social Media,Desktop,20,0.37,9,5,1720.32,0.0,0.0
2026-04-18,United States,Organic Search,Mobile,3,0.59,0,0,0.0,0.0,0.0
2025-10-02,India,Referral,Mobile,37,0.5,9,1,335.75,0.0,0.0
2025-10-03,India,Paid Ads,Mobile,34,0.22,6,1,124.39,59.69,1.08
2025-08-19,United Kingdom,Organic Search,Mobile,48,0.37,1,1,184.1,0.0,0.0
2025-09-17,Canada,Paid Ads,Desktop,8,0.27,0,0,0.0,69.46,-1.0
2025-06-19,Singapore,Social Media,Mobile,40,0.75,5,5,289.46,0.0,0.0
2025-12-30,Germany,Organic Search,Mobile,41,0.4,9,3,782.33,0.0,0.0
2025-08-21,United Kingdom,Paid Ads,Desktop,43,0.38,7,4,507.87,65.9,6.71
2025-08-29,Canada,Organic Search,Mobile,31,0.74,1,1,256.28,0.0,0.0
2025-11-04,Singapore,Paid Ads,Mobile,15,0.33,12,2,150.4,92.18,0.63
2026-02-11,India,Organic Search,Mobile,35,0.69,7,1,95.05,0.0,0.0
2025-06-17,United States,Referral,Mobile,2,0.64,0,0,0.0,0.0,0.0
2026-06-28,India,Social Media,Desktop,7,0.72,0,0,0.0,0.0,0.0
2025-12-15,United States,Paid Ads,Mobile,10,0.46,8,3,734.15,83.76,7.76
2025-12-21,India,Organic Search,Mobile,39,0.25,14,1,165.25,0.0,0.0
2025-05-20,India,Organic Search,Desktop,30,0.17,4,0,0.0,0.0,0.0
2026-03-30,India,Paid Ads,Desktop,8,0.72,0,0,0.0,114.79,-1.0
2025-03-20,India,Paid Ads,Mobile,23,0.55,7,6,1764.13,39.54,43.62
2025-01-17,India,Paid Ads,Mobile,42,0.47,5,3,723.15,85.89,7.42
2025-01-07,Germany,Organic Search,Mobile,47,0.39,14,1,216.3,0.0,0.0
2025-01-13,Germany,Social Media,Desktop,24,0.62,12,7,1142.31,0.0,0.0
2025-06-12,United States,Paid Ads,Mobile,38,0.36,8,0,0.0,111.88,-1.0
2026-06-01,Singapore,Email,Mobile,38,0.74,13,8,1251.52,0.0,0.0
2026-05-10,Germany,Social Media,Mobile,15,0.45,2,2,203.4,0.0,0.0
2026-01-16,Germany,Paid Ads,Mobile,26,0.29,2,1,301.3,22.05,12.66
2025-12-06,India,Social Media,Mobile,12,0.2,1,1,108.98,0.0,0.0
2026-06-02,United States,Email,Mobile,8,0.22,1,1,46.79,0.0,0.0
2026-02-12,United Kingdom,Organic Search,Mobile,12,0.34,3,1,228.97,0.0,0.0
2026-06-26,Singapore,Organic Search,Desktop,49,0.31,3,1,268.92,0.0,0.0
2026-04-02,India,Paid Ads,Mobile,2,0.59,2,2,295.01,24.52,11.03
2025-09-03,United States,Paid Ads,Desktop,32,0.41,1,1,318.44,101.14,2.15
2026-05-18,India,Paid Ads,Mobile,8,0.4,2,1,263.65,71.84,2.67
2025-04-09,Canada,Organic Search,Desktop,30,0.41,1,1,340.66,0.0,0.0
2025-03-29,Singapore,Paid Ads,Desktop,36,0.24,13,5,1401.61,12.44,111.67
2025-12-12,Germany,Paid Ads,Desktop,8,0.68,7,6,803.47,31.96,24.14
2025-08-30,United Kingdom,Direct,Desktop,14,0.34,12,7,2388.55,0.0,0.0
2026-01-10,United States,Email,Mobile,25,0.28,5,0,0.0,0.0,0.0
2025-06-24,India,Organic Search,Desktop,29,0.71,3,0,0.0,0.0,0.0
2025-08-01,United States,Organic Search,Desktop,2,0.23,0,0,0.0,0.0,0.0
2025-03-30,India,Direct,Mobile,38,0.45,8,2,288.97,0.0,0.0
2026-04-01,United States,Organic Search,Mobile,17,0.26,12,7,1981.24,0.0,0.0
2026-06-02,India,Paid Ads,Desktop,41,0.64,11,7,1246.48,67.09,17.58
2025-02-18,Singapore,Paid Ads,Mobile,13,0.71,4,3,228.7,20.13,10.36
2026-02-08,United States,Organic Search,Desktop,27,0.44,12,1,158.56,0.0,0.0
2025-11-29,India,Social Media,Desktop,48,0.44,12,3,854.07,0.0,0.0
2025-12-27,United States,Social Media,Mobile,17,0.26,5,4,1327.37,0.0,0.0
2025-11-01,United Kingdom,Organic Search,Mobile,38,0.45,0,0,0.0,0.0,0.0
2025-11-04,United Kingdom,Direct,Desktop,2,0.19,2,2,231.0,0.0,0.0
2025-06-10,United States,Direct,Desktop,17,0.44,6,0,0.0,0.0,0.0
2025-12-01,United Kingdom,Organic Search,Desktop,1,0.31,0,0,0.0,0.0,0.0
2025-12-03,Germany,Direct,Mobile,21,0.53,3,0,0.0,0.0,0.0
2025-11-05,India,Direct,Mobile,5,0.68,2,0,0.0,0.0,0.0
2025-03-07,United States,Organic Search,Desktop,10,0.36,1,1,125.05,0.0,0.0
2026-03-17,Singapore,Social Media,Mobile,8,0.46,5,5,1688.89,0.0,0.0
2025-04-01,Germany,Paid Ads,Mobile,45,0.38,9,4,1293.73,91.82,13.09
2025-02-01,Germany,Email,Desktop,15,0.65,4,3,852.83,0.0,0.0
2025-01-28,United Kingdom,Organic Search,Mobile,18,0.65,6,2,158.44,0.0,0.0
2026-02-28,India,Social Media,Mobile,47,0.6,14,7,1555.7,0.0,0.0
2025-08-14,India,Paid Ads,Mobile,46,0.43,14,8,1174.57,59.19,18.84
2025-04-27,United States,Organic Search,Desktop,3,0.63,2,2,466.19,0.0,0.0
2025-03-08,United States,Email,Tablet,46,0.29,15,2,666.18,0.0,0.0
2025-03-04,India,Social Media,Desktop,49,0.71,1,1,158.1,0.0,0.0
2025-05-08,United States,Social Media,Mobile,4,0.54,4,1,213.28,0.0,0.0
2025-10-10,India,Social Media,Mobile,36,0.72,12,3,803.45,0.0,0.0
2025-08-05,Singapore,Paid Ads,Mobile,26,0.73,3,2,667.18,119.7,4.57
2025-06-25,Singapore,Email,Mobile,36,0.32,11,2,140.76,0.0,0.0
2026-06-21,India,Paid Ads,Mobile,39,0.26,0,0,0.0,96.99,-1.0
2025-08-02,India,Organic Search,Mobile,16,0.18,0,0,0.0,0.0,0.0
2025-06-29,Singapore,Social Media,Mobile,3,0.36,0,0,0.0,0.0,0.0
2025-03-23,India,Social Media,Desktop,37,0.26,12,2,145.45,0.0,0.0
2026-04-13,India,Social Media,Desktop,44,0.39,6,0,0.0,0.0,0.0
2025-07-03,United States,Organic Search,Desktop,16,0.17,10,2,411.32,0.0,0.0
2025-12-09,India,Social Media,Mobile,2,0.73,0,0,0.0,0.0,0.0
2026-04-27,United States,Email,Tablet,20,0.72,8,6,1933.27,0.0,0.0
2025-11-14,India,Referral,Mobile,20,0.4,10,2,238.51,0.0,0.0
2026-06-06,India,Direct,Mobile,38,0.44,14,0,0.0,0.0,0.0
2025-10-14,India,Social Media,Mobile,16,0.33,2,2,694.0,0.0,0.0
2025-09-25,India,Paid Ads,Desktop,49,0.37,3,1,79.84,21.2,2.77
2025-08-02,United Kingdom,Direct,Desktop,24,0.17,15,7,702.48,0.0,0.0
2026-06-17,United States,Direct,Desktop,16,0.42,9,4,1002.31,0.0,0.0
2026-05-08,United States,Paid Ads,Desktop,34,0.26,13,1,147.95,62.42,1.37
2025-03-19,Singapore,Referral,Mobile,49,0.49,8,7,2390.32,0.0,0.0
2025-01-29,India,Social Media,Mobile,31,0.61,0,0,0.0,0.0,0.0
2025-11-20,Singapore,Social Media,Mobile,34,0.3,8,4,1231.11,0.0,0.0
2026-02-02,Singapore,Referral,Desktop,44,0.52,9,8,2520.13,0.0,0.0
2025-05-10,Germany,Direct,Desktop,18,0.33,1,0,0.0,0.0,0.0
2025-03-29,Germany,Referral,Mobile,1,0.17,1,0,0.0,0.0,0.0
2025-04-16,Germany,Paid Ads,Mobile,5,0.29,3,2,524.26,90.29,4.81
2026-03-30,United States,Paid Ads,Mobile,23,0.74,14,7,2315.36,5.13,450.34
2025-10-30,India,Email,Mobile,38,0.34,10,3,422.6,0.0,0.0
2025-12-18,India,Paid Ads,Desktop,36,0.72,13,4,1165.34,26.64,42.74
2025-05-01,Canada,Paid Ads,Mobile,35,0.27,9,5,1612.03,100.21,15.09
2026-02-12,India,Direct,Mobile,37,0.56,6,6,853.5,0.0,0.0
2026-03-04,India,Social Media,Desktop,18,0.5,1,0,0.0,0.0,0.0
2025-02-12,India,Organic Search,Mobile,1,0.21,1,0,0.0,0.0,0.0
2025-03-28,United States,Direct,Mobile,42,0.44,4,4,1043.72,0.0,0.0
2026-06-09,India,Paid Ads,Desktop,1,0.68,1,0,0.0,70.41,-1.0
2026-03-11,India,Organic Search,Desktop,24,0.36,1,1,125.01,0.0,0.0
2026-06-29,Singapore,Email,Desktop,21,0.57,9,8,1894.42,0.0,0.0
2025-11-18,India,Organic Search,Desktop,14,0.74,1,0,0.0,0.0,0.0
2026-01-03,Germany,Referral,Mobile,31,0.39,4,2,412.02,0.0,0.0
2026-04-01,United States,Direct,Mobile,41,0.5,5,1,123.99,0.0,0.0
2025-08-25,United States,Referral,Desktop,36,0.73,11,4,910.77,0.0,0.0
2026-03-26,India,Paid Ads,Mobile,36,0.39,0,0,0.0,69.32,-1.0
2025-02-15,Canada,Paid Ads,Desktop,25,0.6,7,0,0.0,117.66,-1.0
2025-03-20,United States,Organic Search,Mobile,5,0.57,4,2,179.29,0.0,0.0
2025-06-14,India,Social Media,Tablet,41,0.67,0,0,0.0,0.0,0.0
2026-06-30,India,Paid Ads,Mobile,29,0.33,7,2,531.52,82.02,5.48
2026-05-21,United States,Organic Search,Desktop,22,0.49,12,0,0.0,0.0,0.0
2025-12-29,Singapore,Organic Search,Mobile,43,0.55,5,2,386.22,0.0,0.0
2026-06-02,India,Social Media,Mobile,48,0.55,5,0,0.0,0.0,0.0
2025-03-19,United Kingdom,Paid Ads,Mobile,25,0.71,1,1,257.44,73.62,2.5
2025-04-22,India,Organic Search,Mobile,29,0.64,4,4,1036.33,0.0,0.0
2025-08-20,United Kingdom,Paid Ads,Mobile,2,0.29,1,0,0.0,71.73,-1.0
2025-08-15,India,Paid Ads,Desktop,21,0.71,14,5,297.91,33.34,7.94
2026-05-24,India,Social Media,Mobile,37,0.19,14,5,261.66,0.0,0.0
2025-09-29,India,Organic Search,Desktop,34,0.26,10,8,1057.66,0.0,0.0
2025-03-23,Singapore,Email,Mobile,1,0.28,0,0,0.0,0.0,0.0
2026-01-07,Germany,Direct,Tablet,33,0.62,12,7,1825.02,0.0,0.0
2025-02-10,United States,Social Media,Mobile,23,0.37,3,0,0.0,0.0,0.0
2026-06-08,United Kingdom,Paid Ads,Mobile,6,0.61,4,1,107.3,67.7,0.58
2026-03-23,India,Direct,Desktop,22,0.52,12,2,604.06,0.0,0.0
2026-06-27,India,Referral,Mobile,47,0.23,0,0,0.0,0.0,0.0
2025-09-16,India,Organic Search,Mobile,3,0.4,0,0,0.0,0.0,0.0
2025-12-11,India,Paid Ads,Desktop,3,0.54,2,1,67.69,7.4,8.15
2025-03-28,Canada,Social Media,Mobile,21,0.71,9,0,0.0,0.0,0.0
2025-10-24,Singapore,Organic Search,Mobile,7,0.72,1,1,255.7,0.0,0.0
2025-03-10,United States,Organic Search,Mobile,26,0.36,6,5,248.86,0.0,0.0
2025-06-10,India,Paid Ads,Mobile,48,0.4,8,4,678.99,65.26,9.4
2025-04-11,United States,Paid Ads,Mobile,9,0.26,3,0,0.0,77.98,-1.0
2026-02-25,United States,Organic Search,Desktop,45,0.48,6,6,307.17,0.0,0.0
2026-06-11,India,Paid Ads,Desktop,7,0.61,1,1,201.87,59.47,2.39
2025-07-06,United States,Organic Search,Mobile,1,0.28,1,0,0.0,0.0,0.0
2025-05-10,Germany,Social Media,Mobile,9,0.22,2,1,216.71,0.0,0.0
2025-01-24,United Kingdom,Organic Search,Tablet,44,0.42,12,3,234.91,0.0,0.0
2026-05-27,Canada,Paid Ads,Mobile,44,0.44,10,7,1785.73,107.93,15.55
2025-08-28,India,Email,Mobile,4,0.33,4,1,121.05,0.0,0.0
2025-09-27,United States,Paid Ads,Mobile,24,0.48,0,0,0.0,91.22,-1.0
2025-07-08,India,Paid Ads,Mobile,31,0.37,4,3,751.48,88.86,7.46
2025-03-30,India,Organic Search,Desktop,17,0.46,13,0,0.0,0.0,0.0
2025-12-02,India,Organic Search,Mobile,35,0.36,1,1,208.89,0.0,0.0
2026-03-01,United Kingdom,Paid Ads,Desktop,15,0.23,8,7,1680.1,105.38,14.94
2025-02-27,Germany,Organic Search,Desktop,19,0.65,1,1,248.06,0.0,0.0
2026-01-07,India,Organic Search,Desktop,17,0.35,0,0,0.0,0.0,0.0
2025-10-20,Germany,Organic Search,Mobile,36,0.7,5,2,685.74,0.0,0.0
2026-04-19,United States,Direct,Mobile,7,0.3,3,3,423.4,0.0,0.0
2025-08-18,Germany,Paid Ads,Mobile,36,0.43,6,3,405.98,77.14,4.26
2025-03-31,India,Paid Ads,Desktop,35,0.54,3,1,116.25,67.38,0.73
2026-06-13,India,Social Media,Tablet,14,0.54,3,2,617.45,0.0,0.0
2026-02-01,Canada,Organic Search,Mobile,38,0.68,2,1,204.97,0.0,0.0
2025-12-24,India,Organic Search,Mobile,17,0.4,10,0,0.0,0.0,0.0
2025-02-08,India,Paid Ads,Mobile,41,0.57,7,2,441.15,73.33,5.02
2025-06-14,Canada,Direct,Desktop,36,0.31,7,5,492.57,0.0,0.0
2026-01-26,Singapore,Organic Search,Desktop,9,0.61,6,3,171.82,0.0,0.0
2026-06-15,United States,Organic Search,Mobile,35,0.66,8,7,2354.54,0.0,0.0
2026-01-02,Singapore,Direct,Mobile,2,0.65,0,0,0.0,0.0,0.0
2025-12-09,United Kingdom,Direct,Mobile,23,0.25,6,2,308.76,0.0,0.0
2025-05-25,United States,Paid Ads,Mobile,12,0.36,0,0,0.0,63.22,-1.0
2025-10-26,Singapore,Email,Mobile,39,0.56,12,7,1274.6,0.0,0.0
2026-05-25,United Kingdom,Paid Ads,Tablet,35,0.17,14,6,954.73,26.0,35.72
2025-03-06,United Kingdom,Organic Search,Mobile,27,0.41,8,5,882.58,0.0,0.0
2026-05-10,Germany,Paid Ads,Desktop,10,0.68,8,4,867.81,65.4,12.27
2026-05-03,Singapore,Organic Search,Desktop,26,0.17,12,3,155.25,0.0,0.0
2025-06-13,India,Email,Desktop,13,0.37,5,1,87.12,0.0,0.0
2025-03-26,Singapore,Social Media,Mobile,3,0.73,2,1,346.22,0.0,0.0
2025-01-08,India,Paid Ads,Mobile,48,0.63,7,0,0.0,72.51,-1.0
2026-03-10,United States,Paid Ads,Mobile,15,0.61,14,5,365.41,11.4,31.05
2025-09-05,India,Paid Ads,Tablet,21,0.16,2,2,594.55,74.88,6.94
2025-05-08,United States,Email,Mobile,32,0.6,14,4,1131.15,0.0,0.0
2025-04-06,Germany,Organic Search,Mobile,32,0.21,2,2,367.3,0.0,0.0
2025-07-20,United States,Organic Search,Desktop,5,0.24,0,0,0.0,0.0,0.0
2025-07-20,India,Social Media,Mobile,20,0.65,6,3,712.14,0.0,0.0
2025-04-19,India,Paid Ads,Desktop,48,0.3,12,0,0.0,12.25,-1.0
2025-11-27,United Kingdom,Organic Search,Mobile,28,0.56,14,8,1849.64,0.0,0.0
2026-04-14,United Kingdom,Social Media,Desktop,26,0.65,2,1,214.88,0.0,0.0
2026-05-09,United Kingdom,Organic Search,Mobile,23,0.61,11,2,384.55,0.0,0.0
2025-08-04,Singapore,Organic Search,Tablet,12,0.36,8,1,97.13,0.0,0.0
2026-06-27,Germany,Paid Ads,Mobile,13,0.3,13,5,835.23,107.82,6.75
2025-08-20,India,Referral,Mobile,49,0.25,5,2,682.49,0.0,0.0
2026-04-24,United Kingdom,Paid Ads,Mobile,20,0.59,12,5,779.98,12.08,63.57
2026-06-26,India,Organic Search,Tablet,29,0.69,10,5,1394.25,0.0,0.0
2026-02-23,United States,Organic Search,Mobile,3,0.46,1,1,341.88,0.0,0.0
2025-05-23,United States,Paid Ads,Desktop,32,0.16,3,2,134.76,51.6,1.61
2025-04-07,India,Organic Search,Mobile,48,0.29,1,0,0.0,0.0,0.0
2025-09-18,United Kingdom,Social Media,Desktop,48,0.42,6,1,320.18,0.0,0.0
2025-05-11,Singapore,Organic Search,Desktop,7,0.37,2,0,0.0,0.0,0.0
2026-05-04,India,Email,Mobile,2,0.67,0,0,0.0,0.0,0.0
2026-05-27,Singapore,Paid Ads,Desktop,11,0.37,8,4,700.68,64.22,9.91
2025-03-08,United States,Paid Ads,Desktop,21,0.74,15,0,0.0,72.63,-1.0
2025-03-18,Singapore,Social Media,Mobile,47,0.51,13,5,736.58,0.0,0.0
2026-05-14,United States,Paid Ads,Mobile,24,0.49,15,0,0.0,80.46,-1.0
2026-04-05,United States,Organic Search,Mobile,48,0.22,7,0,0.0,0.0,0.0
2025-08-22,India,Email,Desktop,34,0.36,2,2,250.45,0.0,0.0
2026-04-09,Singapore,Direct,Mobile,28,0.41,14,7,673.89,0.0,0.0
2026-02-01,India,Organic Search,Mobile,14,0.43,1,0,0.0,0.0,0.0
2026-06-13,Singapore,Organic Search,Mobile,6,0.2,3,2,696.8,0.0,0.0
2026-04-03,United Kingdom,Direct,Desktop,20,0.71,4,0,0.0,0.0,0.0
2025-06-07,Singapore,Organic Search,Mobile,9,0.31,6,5,1695.44,0.0,0.0
2026-06-03,Germany,Social Media,Mobile,34,0.65,11,3,456.35,0.0,0.0
2026-02-15,Singapore,Referral,Mobile,29,0.5,12,2,373.27,0.0,0.0
2026-02-21,India,Organic Search,Desktop,49,0.34,5,3,745.38,0.0,0.0
2025-11-28,United States,Organic Search,Mobile,43,0.3,0,0,0.0,0.0,0.0
2026-03-18,Singapore,Organic Search,Mobile,8,0.58,6,1,240.39,0.0,0.0
2025-10-13,United States,Paid Ads,Mobile,22,0.36,11,7,1858.91,8.35,221.62
2025-02-12,Canada,Social Media,Mobile,26,0.33,2,0,0.0,0.0,0.0
2025-03-24,Singapore,Paid Ads,Mobile,4,0.53,1,1,56.2,26.34,1.13
2025-06-29,United States,Paid Ads,Desktop,42,0.58,7,1,285.76,24.33,10.75
2025-06-20,Germany,Organic Search,Desktop,39,0.65,2,1,291.19,0.0,0.0
2025-05-13,United States,Paid Ads,Mobile,46,0.54,9,8,1759.75,110.13,14.98
2025-07-12,United States,Paid Ads,Mobile,44,0.18,13,7,971.07,66.36,13.63
2025-10-29,Canada,Paid Ads,Mobile,24,0.36,14,1,121.59,110.28,0.1
2025-06-29,Singapore,Social Media,Mobile,30,0.48,1,1,339.07,0.0,0.0
2026-06-05,India,Social Media,Mobile,8,0.46,5,1,76.37,0.0,0.0
2025-06-26,Singapore,Paid Ads,Desktop,4,0.22,4,2,154.41,119.01,0.3
2025-02-20,Singapore,Paid Ads,Mobile,15,0.25,15,8,1574.25,36.61,42.0
2026-03-17,United States,Organic Search,Mobile,19,0.36,12,1,64.9,0.0,0.0
2025-11-15,United Kingdom,Paid Ads,Desktop,28,0.55,0,0,0.0,103.77,-1.0
2026-01-06,India,Social Media,Mobile,2,0.61,1,0,0.0,0.0,0.0
2025-09-22,United Kingdom,Paid Ads,Desktop,43,0.47,4,2,684.32,49.89,12.72
2026-03-18,Germany,Social Media,Tablet,1,0.62,1,1,115.09,0.0,0.0
2026-04-26,United Kingdom,Organic Search,Desktop,16,0.56,5,5,419.06,0.0,0.0
2025-06-11,Singapore,Referral,Mobile,40,0.37,2,0,0.0,0.0,0.0
2026-06-12,India,Email,Desktop,26,0.45,9,5,1186.03,0.0,0.0
2025-06-26,India,Paid Ads,Desktop,36,0.57,13,2,196.65,43.94,3.48
2025-09-30,United States,Social Media,Mobile,33,0.62,12,4,442.89,0.0,0.0
2026-03-19,United Kingdom,Paid Ads,Desktop,21,0.27,5,2,615.72,62.96,8.78
2025-08-19,India,Social Media,Desktop,22,0.34,4,4,533.46,0.0,0.0
2026-04-09,India,Social Media,Mobile,23,0.27,4,1,162.22,0.0,0.0
2026-02-21,United States,Organic Search,Desktop,10,0.56,7,0,0.0,0.0,0.0
2025-06-02,Singapore,Organic Search,Mobile,26,0.68,11,6,407.88,0.0,0.0
2025-02-01,India,Social Media,Mobile,33,0.69,13,1,93.84,0.0,0.0
2025-04-03,India,Direct,Mobile,22,0.2,10,6,1579.34,0.0,0.0
2025-02-03,India,Organic Search,Mobile,46,0.3,14,6,1623.38,0.0,0.0
2026-02-22,United Kingdom,Email,Mobile,20,0.59,12,7,1572.26,0.0,0.0
2026-01-26,India,Paid Ads,Mobile,46,0.3,13,5,1112.49,109.53,9.16
2025-11-18,Singapore,Direct,Desktop,36,0.65,2,2,225.66,0.0,0.0
2026-03-25,Singapore,Referral,Desktop,33,0.18,13,4,731.55,0.0,0.0
2026-05-07,Germany,Social Media,Mobile,21,0.67,14,4,341.87,0.0,0.0
2026-04-05,Germany,Paid Ads,Mobile,15,0.71,7,0,0.0,62.75,-1.0
2025-08-17,India,Social Media,Desktop,39,0.45,12,7,662.68,0.0,0.0
2025-12-20,United States,Social Media,Desktop,25,0.59,6,5,749.75,0.0,0.0
2025-11-15,Germany,Paid Ads,Mobile,9,0.63,4,0,0.0,59.98,-1.0
2026-06-24,Germany,Organic Search,Mobile,27,0.49,9,5,829.63,0.0,0.0
2026-05-26,United States,Paid Ads,Desktop,36,0.42,6,5,1059.17,34.51,29.69
2025-08-02,India,Paid Ads,Mobile,19,0.74,5,3,192.04,8.7,21.07
2025-01-24,India,Paid Ads,Desktop,41,0.57,7,4,401.14,111.33,2.6
2026-03-12,United Kingdom,Direct,Mobile,32,0.29,4,0,0.0,0.0,0.0
2025-05-19,United Kingdom,Organic Search,Desktop,38,0.38,7,6,1860.0,0.0,0.0
2026-05-06,United Kingdom,Referral,Mobile,42,0.54,5,2,445.39,0.0,0.0
2026-02-08,United Kingdom,Email,Mobile,21,0.18,2,1,54.7,0.0,0.0
2026-02-04,United States,Social Media,Mobile,1,0.22,0,0,0.0,0.0,0.0
2025-10-01,United Kingdom,Email,Desktop,9,0.23,0,0,0.0,0.0,0.0
2025-11-05,Singapore,Social Media,Mobile,14,0.32,1,1,319.98,0.0,0.0
2026-02-25,Singapore,Direct,Mobile,20,0.22,3,1,75.54,0.0,0.0
2025-06-25,United States,Organic Search,Mobile,18,0.29,2,1,184.39,0.0,0.0
2025-12-13,United Kingdom,Paid Ads,Mobile,22,0.43,6,4,407.41,69.46,4.87
2026-04-19,United States,Direct,Mobile,36,0.48,10,5,330.97,0.0,0.0
2025-10-12,Singapore,Email,Desktop,9,0.51,9,5,395.25,0.0,0.0
2025-02-27,India,Social Media,Mobile,34,0.72,6,6,1572.58,0.0,0.0
2025-06-09,Singapore,Organic Search,Tablet,8,0.37,6,4,987.9,0.0,0.0
2025-04-21,Germany,Organic Search,Mobile,34,0.22,14,0,0.0,0.0,0.0
2025-10-31,United Kingdom,Social Media,Tablet,38,0.19,9,4,1039.84,0.0,0.0
2025-06-19,United States,Referral,Mobile,47,0.41,0,0,0.0,0.0,0.0
2025-02-22,United States,Paid Ads,Mobile,13,0.35,12,1,189.98,91.37,1.08
2026-05-14,Germany,Organic Search,Mobile,31,0.22,7,6,828.44,0.0,0.0
2025-07-27,United States,Organic Search,Desktop,32,0.22,12,2,408.01,0.0,0.0
2025-03-07,Germany,Organic Search,Mobile,1,0.48,0,0,0.0,0.0,0.0
2025-05-04,India,Organic Search,Mobile,25,0.68,7,7,1066.68,0.0,0.0
2025-04-28,India,Organic Search,Mobile,43,0.27,10,3,502.11,0.0,0.0
2025-04-29,India,Email,Mobile,29,0.71,3,2,625.79,0.0,0.0
2025-05-22,India,Paid Ads,Desktop,36,0.31,3,0,0.0,51.68,-1.0
2026-06-05,India,Referral,Mobile,14,0.36,12,2,348.06,0.0,0.0
2025-02-12,United States,Social Media,Desktop,20,0.74,2,1,343.62,0.0,0.0
2025-03-11,Canada,Paid Ads,Mobile,34,0.62,0,0,0.0,22.92,-1.0
2025-03-04,Canada,Organic Search,Desktop,43,0.31,15,2,405.38,0.0,0.0
2025-06-30,United States,Referral,Desktop,9,0.49,3,2,394.38,0.0,0.0
2026-01-29,India,Direct,Mobile,14,0.52,11,2,339.72,0.0,0.0
2026-06-16,Germany,Social Media,Mobile,24,0.44,11,1,243.43,0.0,0.0
2026-04-02,Germany,Referral,Desktop,43,0.39,0,0,0.0,0.0,0.0
2026-03-22,United Kingdom,Social Media,Desktop,9,0.36,4,3,953.27,0.0,0.0
2025-07-21,Singapore,Paid Ads,Desktop,46,0.73,14,8,1136.97,77.77,13.62
2026-03-29,United Kingdom,Social Media,Mobile,34,0.41,1,1,147.47,0.0,0.0
2025-08-13,India,Social Media,Mobile,17,0.32,3,2,108.05,0.0,0.0
2025-11-30,Germany,Email,Mobile,36,0.37,3,2,629.77,0.0,0.0
2025-08-29,India,Social Media,Desktop,41,0.32,14,1,239.86,0.0,0.0
2026-06-29,India,Direct,Mobile,9,0.17,8,7,1317.7,0.0,0.0
2025-07-02,India,Social Media,Mobile,42,0.58,7,6,992.92,0.0,0.0
2025-02-11,India,Organic Search,Desktop,38,0.55,9,7,1129.15,0.0,0.0
2025-11-22,United Kingdom,Paid Ads,Mobile,46,0.47,6,3,259.79,14.48,16.94
2026-04-01,United Kingdom,Email,Mobile,5,0.15,0,0,0.0,0.0,0.0
2026-04-11,Germany,Email,Mobile,16,0.54,9,2,529.4,0.0,0.0
2025-08-21,United Kingdom,Social Media,Desktop,9,0.72,0,0,0.0,0.0,0.0
2025-12-26,United States,Paid Ads,Desktop,29,0.32,9,1,325.68,54.16,5.01
2026-03-22,United States,Paid Ads,Desktop,27,0.52,0,0,0.0,96.35,-1.0
2025-08-19,United Kingdom,Direct,Mobile,26,0.26,5,2,307.3,0.0,0.0
2025-07-21,United Kingdom,Direct,Mobile,19,0.36,14,3,501.41,0.0,0.0
2025-02-19,United Kingdom,Paid Ads,Desktop,30,0.58,3,3,652.16,75.31,7.66
2025-05-12,United Kingdom,Email,Mobile,3,0.68,0,0,0.0,0.0,0.0
2025-05-24,Singapore,Paid Ads,Tablet,46,0.67,13,5,1135.65,57.62,18.71
2026-01-09,India,Referral,Desktop,27,0.49,9,7,2425.78,0.0,0.0
2026-02-27,India,Paid Ads,Desktop,42,0.7,3,3,838.27,48.36,16.33
2025-01-23,Canada,Email,Desktop,31,0.53,0,0,0.0,0.0,0.0
2025-09-23,United States,Organic Search,Desktop,49,0.2,3,1,211.68,0.0,0.0
2025-11-11,India,Social Media,Mobile,2,0.15,2,0,0.0,0.0,0.0
2025-03-13,India,Social Media,Mobile,25,0.6,13,6,1111.42,0.0,0.0
2025-08-27,India,Paid Ads,Mobile,31,0.73,8,5,780.66,112.94,5.91
2026-01-04,United States,Email,Desktop,11,0.26,7,7,1976.3,0.0,0.0
2025-06-02,United Kingdom,Social Media,Mobile,28,0.18,8,3,400.4,0.0,0.0
2025-04-17,United States,Organic Search,Tablet,18,0.69,0,0,0.0,0.0,0.0
2026-02-16,Canada,Paid Ads,Mobile,6,0.2,3,3,968.79,15.72,60.63
2025-05-10,United States,Organic Search,Mobile,7,0.47,5,1,171.82,0.0,0.0
2026-03-21,United Kingdom,Social Media,Mobile,1,0.55,0,0,0.0,0.0,0.0
2026-03-26,United States,Organic Search,Mobile,33,0.21,0,0,0.0,0.0,0.0
2025-01-17,Singapore,Direct,Desktop,5,0.33,1,0,0.0,0.0,0.0
2026-03-17,United States,Organic Search,Mobile,25,0.72,13,5,1557.71,0.0,0.0
2025-04-21,United Kingdom,Direct,Mobile,24,0.5,7,2,492.71,0.0,0.0
2025-11-30,Singapore,Paid Ads,Mobile,33,0.27,8,5,1725.13,62.94,26.41
2025-12-20,India,Paid Ads,Mobile,2,0.52,0,0,0.0,75.75,-1.0
2026-06-15,Germany,Organic Search,Mobile,48,0.54,9,2,679.64,0.0,0.0
2026-04-09,India,Email,Mobile,31,0.53,10,6,2076.84,0.0,0.0
2026-03-15,United States,Social Media,Mobile,6,0.74,3,2,367.66,0.0,0.0
2026-03-31,United States,Referral,Mobile,36,0.71,2,0,0.0,0.0,0.0
2025-04-22,Singapore,Paid Ads,Desktop,28,0.45,12,3,560.22,117.43,3.77
2025-09-27,United Kingdom,Email,Mobile,19,0.65,6,6,1112.73,0.0,0.0
2026-05-11,United States,Social Media,Mobile,49,0.71,6,0,0.0,0.0,0.0
2025-07-30,India,Organic Search,Mobile,1,0.61,0,0,0.0,0.0,0.0
2025-08-26,Canada,Organic Search,Mobile,29,0.37,7,4,536.2,0.0,0.0
2026-02-13,United States,Social Media,Desktop,2,0.52,2,2,660.76,0.0,0.0
2025-09-01,Germany,Social Media,Mobile,9,0.37,6,2,274.33,0.0,0.0
2025-04-20,Germany,Direct,Mobile,19,0.5,10,5,1728.35,0.0,0.0
2025-06-25,India,Social Media,Mobile,35,0.48,0,0,0.0,0.0,0.0
2025-03-17,United States,Social Media,Mobile,48,0.66,10,5,1173.37,0.0,0.0
2025-10-04,United States,Organic Search,Mobile,48,0.28,2,0,0.0,0.0,0.0
2026-01-06,India,Paid Ads,Desktop,47,0.21,13,3,135.28,106.46,0.27
2026-06-13,United Kingdom,Email,Mobile,10,0.57,2,0,0.0,0.0,0.0
2026-03-23,Germany,Email,Mobile,3,0.39,3,3,829.57,0.0,0.0
2026-02-22,United States,Paid Ads,Mobile,15,0.49,12,1,273.96,114.16,1.4
2025-12-17,Singapore,Paid Ads,Desktop,40,0.56,14,4,1200.93,53.95,21.26
2025-08-04,United Kingdom,Organic Search,Mobile,8,0.38,8,2,691.32,0.0,0.0
2025-06-13,United Kingdom,Paid Ads,Desktop,17,0.33,7,0,0.0,20.67,-1.0
2026-06-03,United Kingdom,Paid Ads,Desktop,20,0.2,9,0,0.0,109.75,-1.0
2026-04-16,United Kingdom,Social Media,Desktop,22,0.72,12,1,79.38,0.0,0.0
2026-04-27,United Kingdom,Organic Search,Mobile,28,0.34,10,7,1043.19,0.0,0.0
2025-03-22,India,Direct,Mobile,32,0.28,7,2,620.92,0.0,0.0
2026-01-06,United Kingdom,Organic Search,Desktop,41,0.49,13,1,53.35,0.0,0.0
2025-09-25,India,Referral,Mobile,24,0.22,1,0,0.0,0.0,0.0
2026-03-09,United States,Social Media,Desktop,33,0.19,2,1,156.09,0.0,0.0
2026-05-01,Germany,Email,Mobile,36,0.33,3,0,0.0,0.0,0.0
2025-08-16,United States,Social Media,Mobile,40,0.56,2,2,475.72,0.0,0.0
2026-01-16,India,Paid Ads,Desktop,46,0.71,14,7,1039.12,39.31,25.43
2025-02-18,United States,Paid Ads,Mobile,2,0.24,2,1,133.88,102.85,0.3
2026-06-20,Singapore,Referral,Mobile,42,0.41,7,7,514.92,0.0,0.0
2026-05-31,Singapore,Organic Search,Desktop,42,0.18,10,5,278.51,0.0,0.0
2025-05-20,India,Organic Search,Desktop,10,0.25,9,7,471.53,0.0,0.0
2026-02-05,India,Paid Ads,Mobile,14,0.27,12,1,151.53,63.86,1.37
2025-10-12,United States,Paid Ads,Mobile,47,0.5,12,4,665.17,83.23,6.99
2025-07-07,India,Organic Search,Mobile,26,0.37,7,1,194.49,0.0,0.0
2025-09-10,India,Organic Search,Desktop,1,0.3,1,1,185.84,0.0,0.0
2026-05-15,India,Paid Ads,Mobile,6,0.31,6,4,935.38,76.25,11.27
2025-10-20,United States,Direct,Mobile,29,0.68,15,8,2462.0,0.0,0.0
2025-06-02,India,Paid Ads,Mobile,42,0.24,0,0,0.0,8.61,-1.0
2025-12-06,United Kingdom,Social Media,Desktop,35,0.31,12,2,176.69,0.0,0.0
2025-10-15,India,Organic Search,Mobile,13,0.61,6,4,321.28,0.0,0.0
2026-05-22,Germany,Paid Ads,Mobile,40,0.44,1,1,63.16,68.88,-0.08
2026-01-21,United Kingdom,Social Media,Mobile,37,0.61,0,0,0.0,0.0,0.0
2025-08-02,Singapore,Direct,Mobile,45,0.39,9,4,537.6,0.0,0.0
2025-06-14,India,Email,Mobile,38,0.36,6,0,0.0,0.0,0.0
2025-03-02,Canada,Paid Ads,Mobile,22,0.58,12,2,134.96,63.9,1.11
2026-04-23,United Kingdom,Direct,Mobile,1,0.58,0,0,0.0,0.0,0.0
2025-11-19,India,Organic Search,Mobile,31,0.28,1,0,0.0,0.0,0.0
2026-05-15,United Kingdom,Email,Desktop,46,0.4,8,8,2292.53,0.0,0.0
2025-10-28,India,Organic Search,Desktop,32,0.22,7,5,1458.75,0.0,0.0
2026-01-09,India,Social Media,Mobile,24,0.43,14,6,1054.63,0.0,0.0
2026-04-21,Canada,Email,Desktop,18,0.5,11,6,470.56,0.0,0.0
2025-12-15,United States,Organic Search,Desktop,8,0.31,2,2,245.86,0.0,0.0
2026-03-18,Germany,Paid Ads,Desktop,1,0.59,0,0,0.0,119.62,-1.0
2026-01-29,United States,Paid Ads,Desktop,8,0.22,1,0,0.0,77.29,-1.0
2025-12-20,India,Organic Search,Mobile,28,0.28,11,1,234.32,0.0,0.0
2025-06-21,United Kingdom,Paid Ads,Mobile,25,0.62,9,3,644.38,33.51,18.23
2025-02-02,India,Referral,Mobile,18,0.67,4,1,333.58,0.0,0.0
2025-02-16,United States,Social Media,Desktop,28,0.57,8,3,618.0,0.0,0.0
2025-04-13,United States,Social Media,Mobile,49,0.25,4,1,59.17,0.0,0.0
2026-01-27,India,Social Media,Mobile,48,0.75,8,3,943.77,0.0,0.0
2026-04-10,Germany,Organic Search,Mobile,49,0.16,2,2,412.17,0.0,0.0
2025-10-03,India,Paid Ads,Desktop,10,0.54,0,0,0.0,11.55,-1.0
2026-01-01,India,Organic Search,Desktop,10,0.72,2,0,0.0,0.0,0.0
2026-02-09,United States,Direct,Tablet,38,0.66,13,8,745.38,0.0,0.0
2026-06-07,United States,Direct,Tablet,18,0.71,11,3,274.05,0.0,0.0
2025-02-20,Germany,Organic Search,Mobile,25,0.48,3,2,461.23,0.0,0.0
2025-05-23,United Kingdom,Organic Search,Desktop,45,0.74,9,7,1465.12,0.0,0.0
2025-10-04,Germany,Organic Search,Mobile,28,0.32,6,3,1037.98,0.0,0.0
2025-01-17,Singapore,Organic Search,Desktop,12,0.63,11,8,2033.94,0.0,0.0
2025-09-16,Germany,Organic Search,Mobile,42,0.49,8,4,1387.73,0.0,0.0
2026-04-25,United Kingdom,Referral,Mobile,44,0.24,13,6,761.68,0.0,0.0
2025-11-24,India,Referral,Tablet,42,0.32,3,1,148.12,0.0,0.0
2025-05-04,United States,Organic Search,Mobile,44,0.17,6,3,247.92,0.0,0.0
2026-04-23,United Kingdom,Referral,Desktop,49,0.34,15,7,412.63,0.0,0.0
2026-02-05,United States,Referral,Mobile,3,0.64,1,1,56.63,0.0,0.0
2026-05-12,India,Paid Ads,Desktop,31,0.57,3,1,313.08,115.62,1.71
2025-10-01,India,Social Media,Mobile,40,0.74,5,3,290.44,0.0,0.0
2025-02-14,United States,Organic Search,Mobile,42,0.59,1,0,0.0,0.0,0.0
2025-02-12,United Kingdom,Social Media,Mobile,32,0.7,0,0,0.0,0.0,0.0
2025-01-30,Singapore,Social Media,Mobile,6,0.36,0,0,0.0,0.0,0.0
2025-11-15,India,Email,Mobile,11,0.68,7,6,1718.5,0.0,0.0
2026-04-14,United Kingdom,Social Media,Mobile,49,0.74,10,3,782.4,0.0,0.0
2026-03-30,Germany,Paid Ads,Mobile,12,0.31,0,0,0.0,34.17,-1.0
2025-04-17,United Kingdom,Social Media,Mobile,20,0.15,8,2,225.84,0.0,0.0
2025-11-10,United States,Organic Search,Mobile,23,0.67,15,2,238.63,0.0,0.0
2025-04-04,United Kingdom,Paid Ads,Mobile,36,0.63,10,3,398.13,118.03,2.37
2025-08-09,India,Organic Search,Mobile,46,0.57,8,1,134.79,0.0,0.0
2026-02-14,United Kingdom,Social Media,Desktop,22,0.33,1,1,278.38,0.0,0.0
2026-05-19,United Kingdom,Organic Search,Mobile,24,0.6,13,1,204.3,0.0,0.0
2026-01-05,India,Social Media,Mobile,1,0.2,1,1,47.9,0.0,0.0
2025-11-28,India,Paid Ads,Tablet,7,0.31,6,5,1434.8,99.89,13.36
2025-01-30,India,Email,Mobile,2,0.38,2,1,165.08,0.0,0.0
2025-02-04,Germany,Organic Search,Mobile,26,0.72,12,4,426.37,0.0,0.0
2025-08-13,India,Email,Desktop,18,0.22,11,4,809.8,0.0,0.0
2026-05-05,India,Social Media,Mobile,43,0.36,10,5,608.35,0.0,0.0
2026-06-27,India,Email,Mobile,30,0.73,3,2,670.09,0.0,0.0
2025-06-23,United States,Email,Mobile,11,0.67,2,0,0.0,0.0,0.0
2025-07-03,India,Social Media,Mobile,26,0.51,12,0,0.0,0.0,0.0
2025-01-01,United States,Referral,Desktop,15,0.55,5,0,0.0,0.0,0.0
2025-07-29,India,Organic Search,Desktop,33,0.51,10,0,0.0,0.0,0.0
2025-01-09,United States,Email,Desktop,13,0.33,10,5,1298.75,0.0,0.0
2025-03-27,India,Organic Search,Mobile,10,0.24,8,4,293.69,0.0,0.0
2026-02-03,Singapore,Email,Desktop,32,0.64,0,0,0.0,0.0,0.0
2025-09-28,India,Paid Ads,Desktop,17,0.55,7,1,119.97,82.49,0.45
2025-08-17,United Kingdom,Email,Mobile,14,0.66,7,4,889.14,0.0,0.0
2025-09-28,India,Social Media,Mobile,40,0.2,1,1,96.45,0.0,0.0
2026-03-27,United States,Social Media,Desktop,6,0.37,2,1,56.99,0.0,0.0
2025-12-15,United Kingdom,Organic Search,Mobile,14,0.46,11,3,411.56,0.0,0.0
2025-12-07,India,Social Media,Tablet,25,0.21,12,2,500.6,0.0,0.0
2025-09-27,United States,Paid Ads,Mobile,38,0.52,13,4,471.61,47.44,8.94
2026-01-30,India,Paid Ads,Mobile,33,0.5,3,1,188.66,57.84,2.26
2025-02-07,India,Organic Search,Mobile,1,0.22,0,0,0.0,0.0,0.0
2026-01-23,United Kingdom,Paid Ads,Mobile,44,0.48,13,2,651.9,106.67,5.11
2026-04-30,Germany,Social Media,Desktop,42,0.16,6,6,1134.12,0.0,0.0
2025-12-08,India,Paid Ads,Mobile,30,0.37,15,8,1646.92,42.31,37.93
2025-08-28,United Kingdom,Organic Search,Mobile,7,0.72,2,1,240.12,0.0,0.0
2026-06-07,India,Email,Desktop,11,0.21,9,5,462.04,0.0,0.0
2025-08-30,Canada,Paid Ads,Desktop,2,0.75,1,0,0.0,90.62,-1.0
2025-08-19,United Kingdom,Organic Search,Mobile,7,0.18,2,1,297.9,0.0,0.0
2025-05-18,India,Organic Search,Desktop,14,0.25,8,6,349.32,0.0,0.0
2025-04-17,United Kingdom,Referral,Tablet,28,0.54,3,3,299.95,0.0,0.0
2026-05-24,United States,Social Media,Desktop,6,0.56,2,2,221.23,0.0,0.0
2025-06-02,India,Social Media,Tablet,39,0.68,7,0,0.0,0.0,0.0
2025-12-21,India,Social Media,Mobile,41,0.57,10,3,368.16,0.0,0.0
2026-05-18,United States,Paid Ads,Desktop,41,0.45,0,0,0.0,38.71,-1.0
2026-03-04,United States,Organic Search,Desktop,35,0.72,3,3,856.82,0.0,0.0
2025-01-04,United Kingdom,Paid Ads,Desktop,28,0.66,9,8,1575.98,117.31,12.43
2025-06-29,India,Paid Ads,Mobile,31,0.49,7,2,459.29,75.88,5.05
2025-09-23,United States,Social Media,Mobile,43,0.61,1,1,233.92,0.0,0.0
2025-02-03,United Kingdom,Social Media,Desktop,12,0.5,0,0,0.0,0.0,0.0
2025-03-22,United States,Social Media,Desktop,38,0.72,15,1,97.2,0.0,0.0
2026-03-31,India,Direct,Desktop,18,0.2,12,3,802.35,0.0,0.0
2026-03-06,India,Paid Ads,Desktop,42,0.29,2,2,494.92,83.57,4.92
2025-11-18,India,Direct,Mobile,25,0.18,8,2,441.84,0.0,0.0
2026-03-14,United States,Social Media,Desktop,10,0.51,7,5,1355.63,0.0,0.0
2026-06-30,Singapore,Direct,Tablet,39,0.31,2,0,0.0,0.0,0.0
2025-03-16,United Kingdom,Paid Ads,Mobile,31,0.26,5,5,951.83,96.94,8.82
2025-09-25,India,Paid Ads,Mobile,29,0.34,5,0,0.0,62.55,-1.0
2025-10-25,United States,Email,Mobile,43,0.27,3,2,136.01,0.0,0.0
2025-03-30,India,Paid Ads,Desktop,9,0.68,5,5,1158.3,27.22,41.55
2025-11-26,India,Paid Ads,Mobile,34,0.69,12,2,398.58,12.16,31.78
2025-08-20,United States,Social Media,Mobile,41,0.28,11,1,252.35,0.0,0.0
2025-04-27,Singapore,Social Media,Desktop,3,0.2,3,1,343.52,0.0,0.0
2025-09-08,United States,Social Media,Desktop,36,0.39,2,2,519.19,0.0,0.0
2025-06-03,United States,Paid Ads,Mobile,31,0.25,5,2,613.1,64.13,8.56
2026-03-12,India,Organic Search,Mobile,30,0.24,9,6,410.48,0.0,0.0
2025-04-28,Germany,Paid Ads,Desktop,36,0.44,8,0,0.0,68.46,-1.0
2025-07-17,Singapore,Social Media,Desktop,37,0.46,8,0,0.0,0.0,0.0
2025-02-23,Germany,Organic Search,Mobile,16,0.47,11,7,572.67,0.0,0.0
2026-02-09,Germany,Organic Search,Mobile,15,0.48,14,3,957.47,0.0,0.0
2026-05-26,United States,Direct,Mobile,28,0.55,11,8,2447.05,0.0,0.0
2025-12-30,United States,Direct,Mobile,46,0.56,15,7,2203.96,0.0,0.0
2025-07-28,India,Paid Ads,Desktop,24,0.57,8,1,173.51,107.63,0.61
2025-08-31,India,Organic Search,Desktop,39,0.38,4,1,164.8,0.0,0.0
2025-12-13,United States,Social Media,Mobile,39,0.55,15,1,203.91,0.0,0.0
2025-05-23,United States,Organic Search,Mobile,39,0.61,12,0,0.0,0.0,0.0
2026-03-29,Singapore,Organic Search,Desktop,7,0.29,4,3,914.15,0.0,0.0
2025-01-31,United Kingdom,Email,Desktop,47,0.51,6,5,1516.76,0.0,0.0
2026-05-24,United States,Organic Search,Mobile,25,0.31,12,2,127.96,0.0,0.0
2025-01-21,India,Email,Mobile,32,0.72,10,1,315.6,0.0,0.0
2025-05-13,United Kingdom,Referral,Desktop,42,0.68,1,1,318.74,0.0,0.0
2025-08-24,India,Social Media,Tablet,24,0.63,1,0,0.0,0.0,0.0
2025-10-19,United States,Social Media,Mobile,9,0.3,1,0,0.0,0.0,0.0
2026-03-31,Singapore,Referral,Mobile,42,0.26,2,2,620.89,0.0,0.0
2025-08-21,Germany,Referral,Desktop,36,0.54,7,3,1030.07,0.0,0.0
2025-08-24,India,Paid Ads,Desktop,5,0.51,2,0,0.0,40.61,-1.0
2025-01-24,United States,Organic Search,Desktop,21,0.19,5,1,330.89,0.0,0.0
2025-08-07,India,Email,Mobile,11,0.54,9,3,459.75,0.0,0.0
2025-07-05,Germany,Organic Search,Desktop,18,0.33,6,4,1265.76,0.0,0.0
2025-08-29,India,Organic Search,Desktop,39,0.21,11,7,2359.78,0.0,0.0
2026-03-12,United States,Organic Search,Mobile,6,0.68,5,3,927.18,0.0,0.0
2025-01-31,India,Paid Ads,Desktop,11,0.71,2,0,0.0,18.32,-1.0
2025-09-11,India,Referral,Mobile,36,0.38,5,0,0.0,0.0,0.0
2026-05-15,United Kingdom,Paid Ads,Mobile,36,0.52,14,7,1417.34,56.16,24.24
2026-06-24,Germany,Email,Mobile,18,0.48,5,2,627.12,0.0,0.0
2025-12-27,India,Paid Ads,Mobile,4,0.57,4,0,0.0,33.88,-1.0
2025-09-05,India,Organic Search,Mobile,46,0.48,3,3,532.75,0.0,0.0
2025-11-13,United Kingdom,Paid Ads,Desktop,44,0.55,8,8,1730.83,67.8,24.53
2026-05-27,United States,Social Media,Desktop,20,0.18,13,8,2401.64,0.0,0.0
2025-04-03,United States,Organic Search,Mobile,20,0.33,0,0,0.0,0.0,0.0
2025-10-25,United States,Organic Search,Desktop,29,0.55,3,1,205.24,0.0,0.0
2026-04-30,United Kingdom,Referral,Mobile,28,0.32,1,1,289.37,0.0,0.0
2025-02-09,India,Social Media,Mobile,2,0.23,0,0,0.0,0.0,0.0
2026-02-19,United Kingdom,Organic Search,Mobile,30,0.59,2,1,297.75,0.0,0.0
2026-04-13,United States,Organic Search,Mobile,43,0.54,3,0,0.0,0.0,0.0
2025-06-03,India,Paid Ads,Mobile,29,0.25,0,0,0.0,95.71,-1.0
2025-09-09,United States,Paid Ads,Mobile,16,0.61,7,5,1164.67,33.0,34.29
2026-05-17,India,Organic Search,Mobile,27,0.69,5,3,717.22,0.0,0.0
2025-12-02,India,Organic Search,Mobile,21,0.37,5,5,996.29,0.0,0.0
2025-10-14,United Kingdom,Paid Ads,Mobile,27,0.35,5,2,465.2,85.15,4.46
2025-07-18,India,Organic Search,Mobile,18,0.7,8,7,2388.05,0.0,0.0
2025-12-18,United States,Paid Ads,Desktop,10,0.29,6,6,614.13,5.47,111.27
2025-11-29,United Kingdom,Email,Desktop,38,0.74,9,5,928.83,0.0,0.0
2025-11-06,India,Organic Search,Desktop,49,0.35,15,7,463.07,0.0,0.0
2025-08-29,India,Paid Ads,Mobile,29,0.39,13,3,224.61,95.91,1.34
2026-01-15,United Kingdom,Organic Search,Mobile,22,0.46,13,4,751.08,0.0,0.0
2025-05-12,United States,Paid Ads,Mobile,17,0.52,6,6,1541.16,48.91,30.51
2026-06-27,United States,Email,Desktop,28,0.29,5,5,1134.48,0.0,0.0
2025-01-14,Singapore,Social Media,Mobile,15,0.69,10,7,1621.06,0.0,0.0
2025-04-17,India,Social Media,Mobile,13,0.28,6,3,845.16,0.0,0.0
2025-12-16,India,Paid Ads,Mobile,10,0.59,2,2,565.93,99.29,4.7
2026-05-18,United States,Organic Search,Mobile,39,0.45,15,4,208.12,0.0,0.0
2026-04-19,Germany,Email,Desktop,4,0.45,1,0,0.0,0.0,0.0
2025-01-03,India,Organic Search,Mobile,16,0.45,2,2,447.8,0.0,0.0
2025-10-29,Canada,Paid Ads,Mobile,42,0.6,5,0,0.0,96.25,-1.0
2025-05-06,United States,Paid Ads,Mobile,7,0.58,5,1,232.66,32.54,6.15
2026-06-14,United Kingdom,Direct,Mobile,20,0.17,9,0,0.0,0.0,0.0
2025-01-15,India,Social Media,Mobile,43,0.25,15,5,655.67,0.0,0.0
2025-12-23,United States,Social Media,Desktop,1,0.59,0,0,0.0,0.0,0.0
2026-01-06,India,Social Media,Mobile,43,0.22,1,1,309.12,0.0,0.0
2025-11-07,Germany,Paid Ads,Mobile,24,0.59,3,2,193.7,109.09,0.78
2025-01-06,India,Social Media,Mobile,25,0.16,8,4,1025.98,0.0,0.0
2026-05-25,United States,Paid Ads,Mobile,47,0.54,6,3,629.75,56.78,10.09
2025-04-09,India,Organic Search,Mobile,48,0.63,0,0,0.0,0.0,0.0
2026-04-03,India,Organic Search,Desktop,27,0.2,12,1,94.35,0.0,0.0
2025-08-16,India,Social Media,Mobile,1,0.64,1,0,0.0,0.0,0.0
2025-10-17,India,Paid Ads,Mobile,16,0.23,6,5,305.76,73.43,3.16
2025-07-13,United Kingdom,Paid Ads,Desktop,2,0.26,0,0,0.0,91.67,-1.0
2026-01-21,United States,Direct,Desktop,22,0.23,0,0,0.0,0.0,0.0
2025-03-29,Canada,Organic Search,Mobile,34,0.61,7,1,249.89,0.0,0.0
2025-07-09,United States,Paid Ads,Mobile,44,0.47,10,2,230.33,13.81,15.68
2025-05-27,United States,Paid Ads,Mobile,46,0.54,1,1,64.97,105.23,-0.38
2025-11-24,India,Paid Ads,Mobile,9,0.57,4,1,275.9,67.89,3.06
2026-03-23,India,Email,Tablet,6,0.39,2,1,336.96,0.0,0.0
2025-01-24,Singapore,Paid Ads,Desktop,41,0.44,15,1,283.15,83.91,2.37
2026-04-15,India,Paid Ads,Mobile,20,0.47,7,1,142.14,65.67,1.16
2025-12-07,India,Organic Search,Tablet,10,0.24,8,8,524.51,0.0,0.0
2025-06-17,India,Paid Ads,Tablet,46,0.37,12,7,1010.26,59.63,15.94
2025-11-24,United States,Organic Search,Mobile,29,0.24,14,2,634.26,0.0,0.0
2025-08-02,India,Organic Search,Desktop,4,0.41,0,0,0.0,0.0,0.0
2025-02-09,India,Paid Ads,Mobile,36,0.31,5,0,0.0,60.14,-1.0
2025-01-17,India,Organic Search,Desktop,7,0.51,1,1,206.02,0.0,0.0
2025-01-12,India,Organic Search,Desktop,29,0.2,4,3,747.82,0.0,0.0
2025-05-21,United States,Organic Search,Mobile,46,0.51,13,3,902.21,0.0,0.0
2025-06-24,United Kingdom,Email,Mobile,27,0.68,1,0,0.0,0.0,0.0
2025-08-29,United States,Social Media,Mobile,15,0.66,8,8,961.13,0.0,0.0
2025-03-01,Canada,Email,Mobile,13,0.44,3,0,0.0,0.0,0.0
2026-03-09,United States,Email,Mobile,18,0.47,1,0,0.0,0.0,0.0
2025-04-27,India,Organic Search,Mobile,20,0.53,8,4,1330.03,0.0,0.0
2026-05-14,United Kingdom,Social Media,Desktop,9,0.63,8,1,320.94,0.0,0.0
2025-10-07,India,Referral,Mobile,35,0.2,1,1,74.77,0.0,0.0
2025-06-01,India,Referral,Mobile,18,0.21,4,4,503.7,0.0,0.0
2025-02-21,Singapore,Organic Search,Desktop,48,0.31,8,8,1811.63,0.0,0.0
2026-06-29,India,Social Media,Mobile,22,0.64,9,6,579.67,0.0,0.0
2025-03-13,India,Organic Search,Mobile,12,0.59,0,0,0.0,0.0,0.0
2025-01-12,United States,Social Media,Desktop,3,0.6,0,0,0.0,0.0,0.0
2025-09-12,United States,Paid Ads,Mobile,42,0.52,1,1,121.13,112.21,0.08
2026-04-30,United States,Referral,Mobile,44,0.72,6,3,542.08,0.0,0.0
2025-01-16,United States,Social Media,Mobile,37,0.46,15,1,182.92,0.0,0.0
2026-01-21,Germany,Organic Search,Mobile,38,0.5,14,4,1349.12,0.0,0.0
2025-02-13,India,Organic Search,Desktop,30,0.75,4,0,0.0,0.0,0.0
2025-01-18,Canada,Organic Search,Mobile,38,0.7,11,1,105.76,0.0,0.0
2025-12-21,Canada,Paid Ads,Tablet,15,0.67,4,3,938.56,22.45,40.81
2025-06-02,United Kingdom,Paid Ads,Desktop,16,0.38,4,2,142.09,77.05,0.84
2025-01-29,India,Referral,Mobile,32,0.68,14,3,1004.35,0.0,0.0
2025-08-29,India,Social Media,Desktop,25,0.16,13,5,321.1,0.0,0.0
2025-06-03,United Kingdom,Referral,Tablet,24,0.67,11,8,744.89,0.0,0.0
2025-05-15,India,Direct,Mobile,47,0.16,0,0,0.0,0.0,0.0
2025-07-26,Germany,Referral,Mobile,14,0.41,3,2,562.03,0.0,0.0
2026-04-24,Singapore,Organic Search,Desktop,10,0.41,4,4,1315.62,0.0,0.0
2025-04-02,India,Email,Desktop,44,0.44,14,0,0.0,0.0,0.0
2025-12-27,United Kingdom,Social Media,Mobile,8,0.49,3,3,710.87,0.0,0.0
2026-05-06,Canada,Paid Ads,Mobile,28,0.58,11,4,881.14,52.79,15.69
2025-06-30,United Kingdom,Paid Ads,Desktop,9,0.16,3,1,270.72,100.49,1.69
2025-09-23,United States,Social Media,Desktop,4,0.61,2,0,0.0,0.0,0.0
2026-01-28,India,Paid Ads,Desktop,17,0.58,14,5,245.03,45.76,4.35
2025-01-13,United States,Paid Ads,Desktop,35,0.16,4,3,395.58,17.86,21.15
2025-02-12,Singapore,Organic Search,Mobile,7,0.27,3,1,83.92,0.0,0.0
2025-05-27,United Kingdom,Organic Search,Mobile,34,0.3,9,1,126.12,0.0,0.0
2025-12-28,India,Social Media,Mobile,45,0.32,13,5,1565.85,0.0,0.0
2025-02-18,United Kingdom,Organic Search,Mobile,32,0.17,0,0,0.0,0.0,0.0
2025-06-18,United Kingdom,Email,Mobile,18,0.31,0,0,0.0,0.0,0.0
2025-12-03,United States,Referral,Mobile,27,0.42,12,5,535.33,0.0,0.0
2025-02-26,United Kingdom,Paid Ads,Desktop,18,0.38,13,1,349.03,103.79,2.36
2025-01-11,United States,Paid Ads,Mobile,16,0.6,3,1,232.12,58.27,2.98
2025-06-13,India,Organic Search,Mobile,25,0.39,3,1,332.49,0.0,0.0
2026-05-14,United Kingdom,Referral,Mobile,34,0.2,12,4,807.31,0.0,0.0
2025-01-05,United States,Social Media,Mobile,10,0.32,5,2,442.93,0.0,0.0
2026-04-03,India,Paid Ads,Mobile,40,0.32,7,5,959.23,80.31,10.94
2025-09-07,United States,Paid Ads,Mobile,42,0.34,8,7,1797.28,113.25,14.87
2025-12-25,Singapore,Direct,Mobile,29,0.67,3,2,324.94,0.0,0.0
2026-03-05,United States,Direct,Mobile,13,0.39,5,1,221.46,0.0,0.0
2025-09-26,India,Social Media,Desktop,12,0.57,1,1,202.65,0.0,0.0
2025-11-27,Singapore,Organic Search,Mobile,25,0.55,2,0,0.0,0.0,0.0
2026-05-18,United States,Social Media,Mobile,10,0.64,9,1,84.62,0.0,0.0
2025-08-31,United States,Email,Desktop,30,0.68,15,0,0.0,0.0,0.0
2025-11-21,Singapore,Organic Search,Desktop,46,0.39,0,0,0.0,0.0,0.0
2025-09-14,United States,Organic Search,Desktop,2,0.54,0,0,0.0,0.0,0.0
2025-08-01,India,Paid Ads,Desktop,23,0.17,14,6,669.33,10.71,61.5
2025-06-13,India,Paid Ads,Mobile,28,0.41,4,1,59.5,78.74,-0.24
2025-03-22,India,Social Media,Mobile,48,0.56,2,0,0.0,0.0,0.0
2025-10-07,United Kingdom,Paid Ads,Mobile,25,0.45,10,5,484.48,5.5,87.09
2026-03-29,India,Social Media,Mobile,16,0.37,10,1,266.99,0.0,0.0
2026-04-16,India,Direct,Mobile,32,0.64,7,7,1174.16,0.0,0.0
2025-10-12,India,Social Media,Desktop,42,0.36,5,0,0.0,0.0,0.0
2025-09-27,United States,Paid Ads,Desktop,29,0.6,3,1,312.22,65.47,3.77
2025-07-01,India,Direct,Mobile,27,0.58,12,4,1022.99,0.0,0.0
2026-06-15,United States,Direct,Desktop,11,0.58,11,3,707.67,0.0,0.0
2025-10-24,India,Paid Ads,Mobile,39,0.57,12,7,1483.09,106.39,12.94
2025-03-17,Singapore,Referral,Tablet,43,0.66,14,3,163.14,0.0,0.0
2026-03-21,India,Social Media,Mobile,40,0.23,7,4,1264.69,0.0,0.0
2025-04-03,India,Social Media,Desktop,4,0.69,2,1,349.36,0.0,0.0
2025-03-26,United States,Social Media,Desktop,36,0.69,12,5,1656.16,0.0,0.0
2025-09-27,India,Direct,Mobile,43,0.38,10,0,0.0,0.0,0.0
2025-11-15,United States,Direct,Mobile,40,0.38,3,2,317.18,0.0,0.0
2025-11-16,United States,Email,Tablet,44,0.36,14,8,1660.24,0.0,0.0
2025-12-23,United States,Paid Ads,Mobile,40,0.5,14,3,173.18,48.66,2.56
2025-05-26,India,Paid Ads,Desktop,49,0.45,14,1,59.19,64.78,-0.09
2025-10-01,United States,Paid Ads,Desktop,6,0.64,5,5,1201.0,5.1,234.49
2025-12-09,United Kingdom,Paid Ads,Mobile,18,0.52,4,1,223.7,95.62,1.34
2025-02-04,United States,Paid Ads,Mobile,7,0.18,7,3,997.39,118.22,7.44
2025-06-23,India,Paid Ads,Desktop,9,0.52,8,7,1831.39,41.7,42.92
2026-04-17,India,Direct,Mobile,31,0.71,0,0,0.0,0.0,0.0
2025-06-26,United States,Direct,Desktop,21,0.59,13,6,1703.32,0.0,0.0
2025-04-07,United States,Referral,Tablet,35,0.33,7,0,0.0,0.0,0.0
2025-09-05,Germany,Social Media,Mobile,9,0.38,5,0,0.0,0.0,0.0
2025-08-07,India,Organic Search,Mobile,16,0.46,12,2,434.95,0.0,0.0
2026-04-24,United Kingdom,Paid Ads,Mobile,47,0.49,13,8,1411.58,20.92,66.48
2025-05-27,United States,Organic Search,Mobile,38,0.64,8,8,1142.25,0.0,0.0
2025-08-15,India,Social Media,Desktop,36,0.18,13,7,1785.16,0.0,0.0
2025-03-18,India,Organic Search,Mobile,21,0.57,0,0,0.0,0.0,0.0
2025-09-06,India,Organic Search,Mobile,13,0.59,6,0,0.0,0.0,0.0
2025-06-14,Canada,Organic Search,Desktop,28,0.34,3,2,527.22,0.0,0.0
2026-01-31,United States,Organic Search,Mobile,9,0.26,5,1,133.6,0.0,0.0
2025-05-15,India,Social Media,Mobile,30,0.42,11,3,796.41,0.0,0.0
2026-01-14,Singapore,Organic Search,Desktop,26,0.33,8,4,863.09,0.0,0.0
2026-04-22,Singapore,Paid Ads,Mobile,38,0.29,15,7,1412.93,15.31,91.29
2026-06-17,Germany,Organic Search,Mobile,3,0.56,3,2,180.92,0.0,0.0
2025-12-05,Canada,Organic Search,Desktop,20,0.31,4,2,216.06,0.0,0.0
2025-02-04,India,Referral,Desktop,17,0.48,8,7,1299.35,0.0,0.0
2026-05-16,United Kingdom,Direct,Mobile,7,0.24,2,0,0.0,0.0,0.0
2025-02-21,United States,Organic Search,Desktop,25,0.47,9,4,764.68,0.0,0.0
2025-11-23,India,Paid Ads,Mobile,28,0.71,7,0,0.0,119.88,-1.0
2026-06-25,Germany,Organic Search,Desktop,45,0.27,7,2,631.38,0.0,0.0
2025-10-27,United Kingdom,Organic Search,Mobile,12,0.48,5,0,0.0,0.0,0.0
2025-02-08,Germany,Organic Search,Mobile,24,0.43,14,0,0.0,0.0,0.0
2026-03-16,Germany,Email,Desktop,44,0.55,0,0,0.0,0.0,0.0
2025-01-26,United States,Organic Search,Mobile,3,0.53,2,0,0.0,0.0,0.0
2025-07-24,United States,Paid Ads,Desktop,17,0.21,15,8,772.22,113.29,5.82
2025-08-11,United Kingdom,Paid Ads,Desktop,36,0.53,14,3,568.36,40.17,13.15
2025-03-31,India,Social Media,Mobile,38,0.73,9,4,192.72,0.0,0.0
2025-06-28,India,Social Media,Desktop,21,0.28,15,5,1145.01,0.0,0.0
2025-05-09,United States,Paid Ads,Desktop,40,0.63,2,2,691.52,72.79,8.5
2026-06-20,Germany,Organic Search,Desktop,20,0.2,14,3,677.08,0.0,0.0
2026-06-29,United Kingdom,Organic Search,Desktop,38,0.61,9,5,1164.53,0.0,0.0
2025-08-12,United States,Social Media,Mobile,29,0.41,3,3,799.8,0.0,0.0
2025-10-04,India,Direct,Desktop,49,0.45,14,6,934.9,0.0,0.0
2025-10-12,India,Paid Ads,Desktop,8,0.24,1,1,324.24,42.25,6.67
2025-05-23,India,Paid Ads,Mobile,13,0.17,5,3,683.84,96.63,6.08
2025-10-04,United Kingdom,Organic Search,Mobile,11,0.35,9,3,872.25,0.0,0.0
2025-04-02,India,Referral,Mobile,21,0.49,3,0,0.0,0.0,0.0
2025-03-14,United Kingdom,Email,Desktop,9,0.41,1,0,0.0,0.0,0.0
2025-07-22,United States,Organic Search,Desktop,19,0.57,12,4,1148.75,0.0,0.0
2025-05-22,India,Paid Ads,Mobile,24,0.22,11,4,1397.09,81.61,16.12
2025-03-03,Canada,Paid Ads,Desktop,14,0.55,11,7,1223.77,28.03,42.66
2026-02-17,United Kingdom,Social Media,Mobile,17,0.39,3,1,93.2,0.0,0.0
2026-06-09,Germany,Organic Search,Mobile,43,0.63,3,2,699.61,0.0,0.0
2025-04-19,India,Paid Ads,Mobile,33,0.66,5,3,678.95,102.16,5.65
2026-05-06,United States,Social Media,Desktop,3,0.55,0,0,0.0,0.0,0.0
2026-01-08,India,Social Media,Mobile,16,0.74,7,5,705.87,0.0,0.0
2025-08-10,United Kingdom,Organic Search,Mobile,49,0.71,5,5,296.89,0.0,0.0
2026-04-30,Singapore,Organic Search,Desktop,3,0.2,1,0,0.0,0.0,0.0
2026-06-15,United Kingdom,Organic Search,Mobile,24,0.69,15,2,161.26,0.0,0.0
2025-02-10,United States,Email,Desktop,45,0.54,6,2,181.48,0.0,0.0
2026-04-21,India,Social Media,Mobile,25,0.57,8,8,1961.21,0.0,0.0
2025-06-11,India,Organic Search,Desktop,40,0.55,11,4,372.26,0.0,0.0
2025-05-24,India,Social Media,Mobile,8,0.19,1,0,0.0,0.0,0.0
2026-05-18,India,Paid Ads,Mobile,4,0.38,4,0,0.0,50.49,-1.0
2026-01-31,United Kingdom,Social Media,Desktop,37,0.39,15,4,1074.22,0.0,0.0
2025-08-16,India,Direct,Mobile,47,0.57,15,6,1159.32,0.0,0.0
2026-05-30,India,Email,Desktop,30,0.59,6,2,275.36,0.0,0.0
2025-05-23,India,Paid Ads,Mobile,14,0.53,9,7,376.04,12.59,28.87
2025-06-19,India,Social Media,Desktop,40,0.45,6,6,1535.68,0.0,0.0
2025-09-03,India,Social Media,Desktop,21,0.52,11,3,829.63,0.0,0.0
2026-04-25,India,Email,Mobile,25,0.22,15,0,0.0,0.0,0.0
2026-02-23,Singapore,Email,Desktop,32,0.42,14,0,0.0,0.0,0.0
2026-05-14,United Kingdom,Referral,Desktop,45,0.59,0,0,0.0,0.0,0.0
2025-04-29,India,Organic Search,Mobile,20,0.18,6,0,0.0,0.0,0.0
2025-07-10,Singapore,Organic Search,Mobile,7,0.39,4,3,437.73,0.0,0.0
2025-05-08,United States,Organic Search,Desktop,30,0.35,4,0,0.0,0.0,0.0
2025-12-27,India,Organic Search,Desktop,34,0.73,7,4,274.52,0.0,0.0
2026-02-07,United States,Organic Search,Mobile,7,0.61,7,5,1414.32,0.0,0.0
2025-11-29,India,Email,Mobile,29,0.25,4,0,0.0,0.0,0.0
2026-05-20,United Kingdom,Email,Desktop,49,0.45,11,5,647.77,0.0,0.0
2026-01-10,Germany,Email,Mobile,20,0.6,11,4,865.45,0.0,0.0
2025-11-15,India,Organic Search,Mobile,49,0.22,11,0,0.0,0.0,0.0
2026-03-14,India,Organic Search,Desktop,18,0.61,12,2,643.22,0.0,0.0
2025-07-11,United States,Organic Search,Mobile,22,0.31,5,4,406.11,0.0,0.0
2025-12-03,United States,Social Media,Desktop,48,0.6,3,2,280.43,0.0,0.0
2025-03-18,Singapore,Email,Mobile,47,0.64,4,2,293.64,0.0,0.0
2025-04-05,Germany,Organic Search,Mobile,8,0.71,2,1,177.18,0.0,0.0
2025-03-07,United States,Direct,Mobile,30,0.22,7,1,256.04,0.0,0.0
2026-02-06,India,Organic Search,Mobile,10,0.18,9,7,2176.85,0.0,0.0
2025-05-12,India,Referral,Mobile,37,0.17,11,4,880.62,0.0,0.0
2026-03-24,India,Organic Search,Mobile,22,0.3,8,0,0.0,0.0,0.0
2026-03-24,United Kingdom,Paid Ads,Mobile,14,0.57,9,0,0.0,78.9,-1.0
2025-03-09,United Kingdom,Paid Ads,Desktop,21,0.47,0,0,0.0,88.62,-1.0
2026-03-08,Singapore,Direct,Mobile,46,0.68,12,8,382.39,0.0,0.0
2025-03-02,Canada,Email,Desktop,20,0.31,7,2,501.84,0.0,0.0
2026-03-28,India,Paid Ads,Desktop,36,0.34,11,3,165.55,51.39,2.22
2025-12-27,India,Social Media,Mobile,24,0.16,7,2,426.58,0.0,0.0
2026-01-02,Singapore,Social Media,Mobile,47,0.25,1,1,248.21,0.0,0.0
2025-10-21,United States,Organic Search,Mobile,46,0.36,6,1,280.51,0.0,0.0
2025-09-18,India,Social Media,Desktop,10,0.19,5,0,0.0,0.0,0.0
2026-03-09,United Kingdom,Paid Ads,Desktop,35,0.61,13,6,1499.48,61.5,23.38
2026-04-11,India,Direct,Mobile,35,0.72,14,3,881.57,0.0,0.0
2026-05-01,United States,Organic Search,Mobile,22,0.59,5,4,842.56,0.0,0.0
2025-02-27,Canada,Email,Mobile,23,0.69,6,2,543.05,0.0,0.0
2025-01-13,United States,Paid Ads,Desktop,3,0.52,0,0,0.0,64.77,-1.0
2026-06-12,Germany,Social Media,Mobile,38,0.61,2,2,362.98,0.0,0.0
2025-08-26,India,Organic Search,Mobile,38,0.41,2,0,0.0,0.0,0.0
2025-10-19,India,Social Media,Mobile,6,0.23,4,4,1023.31,0.0,0.0
2025-10-05,United States,Paid Ads,Mobile,26,0.38,14,4,956.69,21.22,44.08
2025-04-14,United States,Paid Ads,Mobile,14,0.28,4,3,575.63,62.67,8.19
2025-03-28,India,Organic Search,Desktop,32,0.68,7,7,1837.34,0.0,0.0
2026-05-01,Germany,Organic Search,Desktop,2,0.37,0,0,0.0,0.0,0.0
2025-04-21,India,Organic Search,Mobile,49,0.2,14,4,822.99,0.0,0.0
2025-01-29,Germany,Social Media,Desktop,5,0.38,2,1,162.9,0.0,0.0
2025-04-16,Singapore,Email,Mobile,42,0.42,15,3,759.29,0.0,0.0
2025-11-23,India,Organic Search,Desktop,17,0.38,6,5,243.45,0.0,0.0
2025-01-18,India,Social Media,Mobile,48,0.69,0,0,0.0,0.0,0.0
2025-02-11,United States,Referral,Mobile,21,0.23,3,1,329.12,0.0,0.0
2025-03-21,India,Direct,Mobile,23,0.18,4,1,155.79,0.0,0.0
2025-02-11,India,Email,Tablet,44,0.45,4,0,0.0,0.0,0.0
2025-11-30,United Kingdom,Referral,Mobile,29,0.73,1,1,192.51,0.0,0.0
2025-11-17,India,Social Media,Mobile,27,0.19,5,4,726.49,0.0,0.0
2025-08-08,India,Organic Search,Mobile,6,0.54,6,6,1555.56,0.0,0.0
2025-05-16,United States,Paid Ads,Mobile,10,0.39,9,0,0.0,103.07,-1.0
2025-04-25,Singapore,Organic Search,Desktop,5,0.47,5,1,303.11,0.0,0.0
2025-04-02,Germany,Email,Mobile,25,0.28,4,4,503.28,0.0,0.0
2026-02-24,India,Social Media,Tablet,12,0.7,5,3,681.31,0.0,0.0
2025-11-12,Canada,Paid Ads,Mobile,13,0.17,11,6,1413.38,62.58,21.59
2026-03-03,United States,Paid Ads,Mobile,18,0.6,9,5,293.87,13.86,20.2
2025-05-08,Canada,Organic Search,Mobile,37,0.69,3,1,163.26,0.0,0.0
2026-04-12,United States,Organic Search,Desktop,37,0.71,8,2,408.73,0.0,0.0
2025-08-17,Singapore,Organic Search,Desktop,17,0.58,0,0,0.0,0.0,0.0
2026-02-16,India,Organic Search,Mobile,15,0.48,3,2,524.27,0.0,0.0
2025-09-07,Canada,Organic Search,Mobile,48,0.52,12,1,250.75,0.0,0.0
2025-03-14,India,Paid Ads,Mobile,39,0.23,8,3,886.48,78.47,10.3
2025-11-01,Singapore,Email,Desktop,14,0.31,5,4,1054.19,0.0,0.0
2026-02-25,United Kingdom,Paid Ads,Mobile,8,0.43,0,0,0.0,119.85,-1.0
2025-04-27,India,Email,Desktop,5,0.26,2,0,0.0,0.0,0.0
2026-06-10,United Kingdom,Paid Ads,Mobile,39,0.37,10,2,674.73,58.11,10.61
2025-10-18,Singapore,Organic Search,Mobile,47,0.63,11,4,822.35,0.0,0.0
2025-02-04,India,Paid Ads,Tablet,32,0.57,14,5,1462.62,66.36,21.04
2026-03-01,United States,Paid Ads,Desktop,13,0.27,9,5,1692.01,39.02,42.36
2025-02-03,India,Paid Ads,Mobile,31,0.6,0,0,0.0,43.18,-1.0
2025-05-05,United States,Social Media,Mobile,44,0.65,15,2,224.62,0.0,0.0
2025-12-10,Canada,Paid Ads,Desktop,44,0.46,4,4,578.16,77.03,6.51
2025-03-29,United States,Paid Ads,Mobile,38,0.41,14,8,1121.13,9.88,112.47
2025-08-10,United Kingdom,Social Media,Mobile,24,0.24,3,0,0.0,0.0,0.0
2025-08-16,Germany,Email,Desktop,43,0.73,5,2,232.97,0.0,0.0
2026-03-06,United States,Paid Ads,Mobile,49,0.18,14,3,1018.42,73.91,12.78
2025-03-01,Germany,Paid Ads,Mobile,27,0.62,14,8,2791.6,97.29,27.69
2025-02-16,India,Paid Ads,Desktop,17,0.5,9,8,2408.14,92.68,24.98
2026-02-22,United States,Organic Search,Desktop,7,0.73,4,2,189.51,0.0,0.0
2026-02-28,India,Email,Mobile,27,0.62,10,7,371.26,0.0,0.0
2025-04-16,United States,Referral,Tablet,10,0.23,2,2,142.18,0.0,0.0
2025-09-20,United States,Direct,Mobile,45,0.45,0,0,0.0,0.0,0.0
2025-11-25,India,Social Media,Desktop,17,0.73,4,0,0.0,0.0,0.0
2026-01-20,India,Paid Ads,Desktop,8,0.63,6,4,973.2,27.96,33.81
2026-03-20,United States,Organic Search,Mobile,4,0.65,0,0,0.0,0.0,0.0
2025-12-19,Singapore,Organic Search,Mobile,37,0.34,6,1,62.74,0.0,0.0
2026-03-31,India,Social Media,Desktop,27,0.72,8,4,449.9,0.0,0.0
2025-07-06,United Kingdom,Paid Ads,Desktop,44,0.38,8,4,1096.45,22.29,48.19
2025-06-15,Singapore,Social Media,Mobile,4,0.6,3,1,180.71,0.0,0.0
2026-01-08,Singapore,Paid Ads,Mobile,7,0.62,0,0,0.0,99.19,-1.0
2026-06-27,United States,Organic Search,Desktop,46,0.58,9,4,1049.75,0.0,0.0
2025-02-18,Singapore,Paid Ads,Mobile,10,0.67,3,3,292.69,7.07,40.4
2025-07-15,Singapore,Paid Ads,Mobile,20,0.73,0,0,0.0,66.95,-1.0
2025-02-22,Germany,Email,Desktop,17,0.42,9,3,747.87,0.0,0.0
2025-12-10,United States,Referral,Desktop,31,0.42,9,8,1441.89,0.0,0.0
2026-01-24,United States,Social Media,Desktop,8,0.25,7,3,350.18,0.0,0.0
2025-06-24,India,Direct,Mobile,2,0.38,2,1,179.21,0.0,0.0
2026-02-25,Canada,Social Media,Mobile,13,0.3,6,1,147.58,0.0,0.0
2025-09-07,United States,Social Media,Desktop,42,0.32,0,0,0.0,0.0,0.0
2026-04-19,Canada,Paid Ads,Desktop,43,0.17,14,8,1687.19,97.11,16.37
2026-05-02,India,Referral,Desktop,25,0.22,1,1,348.96,0.0,0.0
2025-12-18,India,Organic Search,Tablet,28,0.54,15,1,344.36,0.0,0.0
2026-03-08,India,Direct,Mobile,37,0.68,13,2,699.54,0.0,0.0
2025-01-11,United States,Paid Ads,Desktop,24,0.15,13,7,1831.84,41.17,43.49
2026-03-26,Canada,Paid Ads,Mobile,31,0.28,8,5,1514.01,6.11,246.79
2025-09-17,United Kingdom,Social Media,Desktop,35,0.37,12,3,813.23,0.0,0.0
2025-10-30,Canada,Email,Desktop,44,0.28,13,1,311.75,0.0,0.0
2025-05-08,India,Social Media,Mobile,39,0.32,2,1,327.47,0.0,0.0
2025-03-13,India,Social Media,Mobile,26,0.27,6,6,1038.83,0.0,0.0
2026-06-07,Singapore,Social Media,Mobile,40,0.71,12,2,492.64,0.0,0.0
2025-04-21,Singapore,Paid Ads,Desktop,48,0.26,8,2,634.1,47.35,12.39
2026-02-15,Singapore,Social Media,Tablet,18,0.74,0,0,0.0,0.0,0.0
2026-02-08,India,Social Media,Mobile,18,0.36,11,7,421.43,0.0,0.0
2026-03-11,India,Email,Mobile,43,0.27,15,3,426.95,0.0,0.0
2025-01-15,India,Email,Desktop,46,0.49,10,8,1515.36,0.0,0.0
2025-04-20,United States,Organic Search,Mobile,23,0.19,12,7,1810.15,0.0,0.0
2026-05-11,Canada,Organic Search,Desktop,4,0.56,2,2,122.32,0.0,0.0
2025-09-19,India,Paid Ads,Desktop,2,0.7,0,0,0.0,96.82,-1.0
2025-07-19,India,Paid Ads,Desktop,3,0.26,2,2,202.21,82.53,1.45
2026-06-12,United Kingdom,Social Media,Desktop,39,0.7,10,4,619.37,0.0,0.0
2025-05-02,India,Organic Search,Mobile,2,0.33,0,0,0.0,0.0,0.0
2025-01-19,United States,Social Media,Desktop,40,0.41,10,2,694.33,0.0,0.0
2026-02-17,United States,Paid Ads,Desktop,10,0.67,6,1,161.1,74.13,1.17
2025-09-21,India,Organic Search,Mobile,34,0.67,1,1,247.59,0.0,0.0
2025-07-17,Canada,Paid Ads,Mobile,48,0.31,6,0,0.0,109.52,-1.0
2026-02-10,Germany,Paid Ads,Mobile,27,0.74,6,3,290.5,116.78,1.49
2025-12-17,United Kingdom,Social Media,Mobile,45,0.55,6,5,422.43,0.0,0.0
2025-02-25,United Kingdom,Paid Ads,Mobile,5,0.39,0,0,0.0,58.39,-1.0
2025-04-26,United States,Social Media,Desktop,12,0.43,12,3,820.95,0.0,0.0
2025-10-19,Singapore,Organic Search,Desktop,32,0.32,5,2,617.07,0.0,0.0
2025-11-05,India,Social Media,Mobile,14,0.43,6,2,536.26,0.0,0.0
2026-06-21,United States,Paid Ads,Mobile,35,0.4,0,0,0.0,86.79,-1.0
2025-07-02,India,Organic Search,Mobile,28,0.42,7,7,1801.73,0.0,0.0
2025-03-28,India,Organic Search,Desktop,45,0.73,0,0,0.0,0.0,0.0
2026-03-06,United States,Social Media,Tablet,12,0.34,2,1,141.13,0.0,0.0
2025-07-13,India,Referral,Desktop,18,0.41,14,5,975.43,0.0,0.0
2025-01-26,Singapore,Email,Mobile,32,0.41,13,8,2092.46,0.0,0.0
2025-07-13,United Kingdom,Organic Search,Mobile,42,0.51,8,2,427.15,0.0,0.0
2025-03-22,United States,Social Media,Desktop,31,0.22,9,8,1640.51,0.0,0.0
2026-04-11,United Kingdom,Social Media,Desktop,35,0.52,4,4,1334.74,0.0,0.0
2026-06-29,India,Paid Ads,Mobile,4,0.36,0,0,0.0,74.96,-1.0
2025-04-10,United Kingdom,Referral,Mobile,45,0.33,9,7,990.73,0.0,0.0
2025-09-19,India,Paid Ads,Desktop,8,0.71,0,0,0.0,49.61,-1.0
2025-02-22,India,Organic Search,Mobile,3,0.31,3,2,682.55,0.0,0.0
2025-02-06,India,Organic Search,Mobile,7,0.68,2,2,436.84,0.0,0.0
2026-04-30,India,Email,Desktop,18,0.41,13,2,307.79,0.0,0.0
2025-04-19,India,Paid Ads,Mobile,7,0.27,5,0,0.0,71.58,-1.0
2025-07-03,United Kingdom,Social Media,Mobile,28,0.28,12,4,1123.65,0.0,0.0
2026-03-02,India,Social Media,Mobile,43,0.52,14,6,420.76,0.0,0.0
2026-01-03,India,Paid Ads,Mobile,2,0.58,1,1,334.74,87.11,2.84
2025-05-11,Singapore,Organic Search,Mobile,15,0.65,1,0,0.0,0.0,0.0
2025-07-29,India,Email,Mobile,36,0.63,13,8,2539.79,0.0,0.0
2025-10-22,Singapore,Organic Search,Desktop,28,0.51,0,0,0.0,0.0,0.0
2025-07-18,United States,Organic Search,Mobile,48,0.57,2,1,206.84,0.0,0.0
2026-02-15,India,Organic Search,Mobile,49,0.21,3,0,0.0,0.0,0.0
2026-03-28,United States,Paid Ads,Mobile,23,0.7,12,7,1576.89,106.82,13.76
2025-03-21,India,Direct,Tablet,15,0.69,2,1,128.91,0.0,0.0
2026-06-02,Germany,Organic Search,Desktop,46,0.46,15,1,130.97,0.0,0.0
2026-03-08,India,Paid Ads,Mobile,4,0.29,4,3,258.89,55.65,3.65
2026-04-26,Germany,Organic Search,Mobile,49,0.61,15,7,2418.87,0.0,0.0
2025-07-24,India,Social Media,Mobile,20,0.25,2,2,540.31,0.0,0.0
2026-01-27,India,Social Media,Desktop,3,0.48,2,0,0.0,0.0,0.0
2025-08-31,India,Direct,Desktop,4,0.42,1,0,0.0,0.0,0.0
2025-03-20,Singapore,Paid Ads,Mobile,36,0.72,5,4,1337.54,71.08,17.82
2025-02-20,India,Email,Mobile,25,0.18,10,5,1745.69,0.0,0.0
2025-09-15,United Kingdom,Organic Search,Mobile,22,0.46,6,0,0.0,0.0,0.0
2025-05-16,India,Organic Search,Mobile,14,0.19,12,7,2010.2,0.0,0.0
2025-02-03,United Kingdom,Organic Search,Desktop,18,0.35,1,0,0.0,0.0,0.0
2025-07-09,India,Paid Ads,Mobile,40,0.62,7,5,1329.45,49.35,25.94
2025-10-02,India,Email,Desktop,16,0.69,13,3,319.66,0.0,0.0
2026-03-05,United States,Referral,Mobile,15,0.66,5,0,0.0,0.0,0.0
2025-01-07,United States,Organic Search,Desktop,17,0.6,12,2,177.62,0.0,0.0
2026-01-03,United States,Social Media,Mobile,18,0.34,11,1,334.73,0.0,0.0
2025-08-20,United States,Social Media,Mobile,11,0.24,5,2,270.34,0.0,0.0
2026-01-22,United States,Paid Ads,Mobile,29,0.55,8,5,1139.38,116.02,8.82
2025-07-18,United States,Email,Mobile,14,0.16,12,6,946.02,0.0,0.0
2026-05-18,United Kingdom,Social Media,Desktop,28,0.52,13,6,1455.99,0.0,0.0
2026-03-18,India,Social Media,Desktop,18,0.62,6,1,196.09,0.0,0.0
2025-08-21,Singapore,Social Media,Mobile,36,0.54,1,0,0.0,0.0,0.0
2026-01-27,United States,Paid Ads,Desktop,15,0.19,6,2,394.39,52.09,6.57
2026-06-22,United Kingdom,Referral,Mobile,37,0.49,14,0,0.0,0.0,0.0
2025-03-01,India,Referral,Desktop,37,0.34,0,0,0.0,0.0,0.0
2026-03-14,Germany,Organic Search,Mobile,5,0.63,0,0,0.0,0.0,0.0
2026-05-13,United Kingdom,Social Media,Desktop,10,0.28,9,0,0.0,0.0,0.0
2025-12-31,India,Organic Search,Mobile,46,0.67,11,5,1160.74,0.0,0.0
2025-07-09,Singapore,Paid Ads,Desktop,45,0.62,0,0,0.0,68.79,-1.0
2026-03-26,United Kingdom,Paid Ads,Mobile,22,0.19,0,0,0.0,11.58,-1.0
2025-01-11,India,Organic Search,Desktop,31,0.69,15,1,178.1,0.0,0.0
2026-01-24,United States,Direct,Tablet,26,0.34,9,7,622.06,0.0,0.0
2025-12-23,United Kingdom,Organic Search,Desktop,30,0.29,6,2,612.42,0.0,0.0
2025-09-05,Canada,Organic Search,Desktop,19,0.38,5,3,269.02,0.0,0.0
2025-05-08,India,Paid Ads,Desktop,19,0.27,10,4,237.77,32.68,6.28
2026-06-03,India,Paid Ads,Desktop,23,0.5,3,2,164.17,5.28,30.09
2025-07-14,United Kingdom,Social Media,Desktop,44,0.54,0,0,0.0,0.0,0.0
2026-05-16,Germany,Paid Ads,Desktop,19,0.33,15,3,937.74,101.2,8.27
2025-10-30,India,Paid Ads,Mobile,7,0.62,7,4,476.06,65.46,6.27
2026-01-18,Germany,Email,Mobile,28,0.28,3,3,915.86,0.0,0.0
2026-01-11,Singapore,Social Media,Mobile,37,0.38,13,1,309.06,0.0,0.0
2025-05-19,India,Direct,Mobile,29,0.35,2,1,71.33,0.0,0.0
2026-02-11,United States,Paid Ads,Desktop,42,0.41,3,3,918.07,17.55,51.31
2026-04-14,India,Email,Mobile,5,0.39,1,0,0.0,0.0,0.0
2025-01-27,India,Email,Desktop,14,0.67,3,3,758.41,0.0,0.0
2026-03-26,India,Direct,Mobile,24,0.33,13,4,1385.65,0.0,0.0
2025-11-24,United States,Direct,Desktop,28,0.47,11,3,431.05,0.0,0.0
2026-05-18,United States,Paid Ads,Mobile,22,0.62,14,0,0.0,74.93,-1.0
2026-03-12,United States,Paid Ads,Desktop,45,0.32,15,3,829.59,73.49,10.29
2026-02-19,United Kingdom,Direct,Desktop,32,0.63,0,0,0.0,0.0,0.0
2025-12-13,India,Paid Ads,Mobile,26,0.7,8,6,1595.21,13.65,115.87
2025-12-11,India,Organic Search,Mobile,42,0.65,4,0,0.0,0.0,0.0
2025-08-22,United Kingdom,Direct,Mobile,6,0.3,5,2,663.7,0.0,0.0
2025-05-17,Germany,Referral,Mobile,14,0.32,13,3,250.57,0.0,0.0
2025-09-19,India,Social Media,Mobile,18,0.42,12,6,1521.4,0.0,0.0
2025-11-22,United States,Paid Ads,Desktop,44,0.37,15,3,172.96,35.52,3.87
2025-06-16,India,Social Media,Desktop,22,0.39,13,3,344.7,0.0,0.0
2026-04-21,United States,Paid Ads,Mobile,19,0.52,12,4,605.91,113.61,4.33
2026-05-03,India,Organic Search,Mobile,41,0.57,2,2,226.45,0.0,0.0
2026-05-09,United Kingdom,Social Media,Mobile,11,0.23,7,5,932.5,0.0,0.0
2025-09-02,Canada,Paid Ads,Mobile,44,0.48,7,2,416.98,64.22,5.49
2026-01-09,Singapore,Organic Search,Mobile,13,0.43,5,2,461.64,0.0,0.0
2025-01-04,India,Email,Mobile,45,0.34,7,7,1968.49,0.0,0.0
2026-06-14,India,Organic Search,Desktop,46,0.68,1,1,67.74,0.0,0.0
2025-04-08,United Kingdom,Referral,Desktop,31,0.67,4,0,0.0,0.0,0.0
2026-03-29,United States,Paid Ads,Mobile,2,0.43,0,0,0.0,117.66,-1.0
2025-12-23,United Kingdom,Organic Search,Desktop,4,0.38,0,0,0.0,0.0,0.0
2025-09-17,United States,Paid Ads,Desktop,35,0.32,10,7,2119.59,15.1,139.37
2025-02-01,India,Paid Ads,Mobile,44,0.6,11,4,1311.1,103.2,11.7
2025-09-15,United Kingdom,Organic Search,Mobile,7,0.39,4,0,0.0,0.0,0.0
2025-06-21,India,Social Media,Tablet,34,0.44,15,1,241.93,0.0,0.0
2025-01-26,India,Direct,Mobile,9,0.54,9,8,1122.7,0.0,0.0
2025-11-12,United Kingdom,Social Media,Tablet,11,0.75,8,6,1768.68,0.0,0.0
2025-05-03,United States,Social Media,Desktop,36,0.45,12,4,612.96,0.0,0.0
2025-09-11,United States,Organic Search,Mobile,15,0.35,1,1,273.6,0.0,0.0
2025-04-30,India,Organic Search,Tablet,16,0.62,10,2,92.13,0.0,0.0
2026-06-04,United Kingdom,Social Media,Mobile,12,0.49,12,4,1122.82,0.0,0.0
2026-04-20,Canada,Social Media,Mobile,23,0.23,9,3,676.7,0.0,0.0
2025-05-27,India,Direct,Mobile,32,0.34,0,0,0.0,0.0,0.0
2025-11-19,United Kingdom,Social Media,Desktop,36,0.43,5,0,0.0,0.0,0.0
2025-08-25,United States,Organic Search,Desktop,32,0.61,10,8,1273.7,0.0,0.0
2025-01-11,Singapore,Paid Ads,Mobile,20,0.25,8,4,752.1,83.73,7.98
2026-04-30,Singapore,Paid Ads,Mobile,49,0.34,15,8,2005.53,27.5,71.93
2025-08-04,Germany,Organic Search,Mobile,14,0.63,5,1,330.51,0.0,0.0
2025-04-06,India,Paid Ads,Mobile,37,0.3,14,6,1766.93,15.76,111.11
2025-01-10,United States,Social Media,Desktop,13,0.2,3,2,647.85,0.0,0.0
2026-04-05,United Kingdom,Direct,Desktop,11,0.45,1,0,0.0,0.0,0.0
2025-07-07,Singapore,Referral,Mobile,13,0.35,12,5,406.62,0.0,0.0
2025-10-21,India,Organic Search,Mobile,32,0.57,13,8,868.17,0.0,0.0
2025-02-04,United States,Email,Mobile,49,0.6,6,0,0.0,0.0,0.0
2025-12-02,Canada,Organic Search,Mobile,5,0.74,0,0,0.0,0.0,0.0
2025-11-16,Germany,Social Media,Mobile,14,0.51,9,6,1361.06,0.0,0.0
2025-05-09,United States,Paid Ads,Mobile,7,0.3,7,1,188.61,81.74,1.31
2025-04-05,United States,Organic Search,Mobile,45,0.53,1,1,141.0,0.0,0.0
2025-06-29,United Kingdom,Email,Tablet,41,0.18,12,5,1627.77,0.0,0.0
2025-04-06,India,Paid Ads,Desktop,22,0.6,12,6,1090.78,66.07,15.51
2025-05-06,United States,Social Media,Mobile,29,0.34,5,2,337.0,0.0,0.0
2025-05-31,Canada,Organic Search,Desktop,30,0.72,6,4,226.68,0.0,0.0
2025-06-05,United States,Paid Ads,Mobile,42,0.45,12,6,1194.2,59.27,19.15
2026-01-03,India,Paid Ads,Mobile,39,0.34,5,5,1338.01,86.74,14.43
2025-07-19,Canada,Referral,Desktop,31,0.56,6,1,303.13,0.0,0.0
2025-03-18,India,Direct,Mobile,1,0.26,1,1,145.97,0.0,0.0
2026-03-12,Singapore,Organic Search,Mobile,26,0.43,7,6,929.3,0.0,0.0
2025-10-20,United Kingdom,Direct,Desktop,3,0.24,3,1,232.97,0.0,0.0
2026-05-15,United States,Referral,Mobile,28,0.42,12,8,1085.69,0.0,0.0
2025-03-15,Germany,Organic Search,Mobile,41,0.63,8,2,398.37,0.0,0.0
2025-04-09,India,Organic Search,Desktop,36,0.25,15,8,2268.97,0.0,0.0
2025-07-29,United Kingdom,Organic Search,Desktop,37,0.47,15,5,229.83,0.0,0.0
2026-02-01,United States,Organic Search,Mobile,18,0.44,5,2,365.04,0.0,0.0
2026-06-10,India,Organic Search,Mobile,37,0.6,3,3,812.97,0.0,0.0
2026-05-11,India,Organic Search,Mobile,22,0.46,14,3,975.33,0.0,0.0
2025-11-25,India,Email,Mobile,40,0.74,4,1,108.65,0.0,0.0
2025-01-30,United States,Paid Ads,Desktop,12,0.68,8,3,1047.32,114.73,8.13
2026-03-01,India,Organic Search,Mobile,47,0.55,3,2,506.92,0.0,0.0
2025-11-02,United States,Direct,Mobile,40,0.68,1,1,129.82,0.0,0.0
2025-02-25,United Kingdom,Referral,Desktop,4,0.2,0,0,0.0,0.0,0.0
2025-05-17,United States,Paid Ads,Desktop,4,0.51,1,0,0.0,112.21,-1.0
2025-10-20,United States,Organic Search,Desktop,16,0.41,14,0,0.0,0.0,0.0
2025-04-06,Singapore,Direct,Mobile,46,0.26,15,3,158.25,0.0,0.0
2026-03-25,India,Organic Search,Desktop,27,0.68,15,6,539.9,0.0,0.0
2025-03-30,Germany,Organic Search,Mobile,14,0.62,13,7,1240.78,0.0,0.0
2025-03-08,United States,Organic Search,Mobile,45,0.16,6,0,0.0,0.0,0.0
2025-09-21,Canada,Paid Ads,Mobile,37,0.72,15,3,146.08,43.22,2.38
2025-04-10,India,Paid Ads,Mobile,40,0.53,4,1,199.6,99.97,1.0
2025-05-31,United States,Referral,Tablet,5,0.61,5,5,639.46,0.0,0.0
2026-02-26,Germany,Referral,Mobile,10,0.74,9,0,0.0,0.0,0.0
2025-09-15,India,Social Media,Desktop,12,0.32,4,3,1023.08,0.0,0.0
2025-06-24,India,Paid Ads,Desktop,42,0.42,7,6,551.27,15.91,33.65
2025-12-05,Singapore,Social Media,Mobile,46,0.4,13,7,2236.43,0.0,0.0
2025-07-16,India,Paid Ads,Mobile,41,0.61,12,5,729.41,88.68,7.23
2025-05-06,United Kingdom,Social Media,Mobile,33,0.46,11,3,473.32,0.0,0.0
2026-04-30,India,Organic Search,Desktop,37,0.66,6,5,1307.35,0.0,0.0
2026-02-12,India,Email,Mobile,19,0.72,7,6,348.84,0.0,0.0
2025-04-11,Germany,Direct,Mobile,16,0.19,0,0,0.0,0.0,0.0
2026-06-13,Singapore,Paid Ads,Desktop,6,0.73,5,0,0.0,107.79,-1.0
2025-03-05,Germany,Organic Search,Mobile,41,0.56,14,4,1209.78,0.0,0.0
2025-07-16,India,Email,Desktop,2,0.45,0,0,0.0,0.0,0.0
2026-02-20,Canada,Social Media,Mobile,40,0.37,5,1,89.24,0.0,0.0
2025-11-08,India,Email,Tablet,27,0.7,5,1,310.27,0.0,0.0
2026-01-27,Germany,Referral,Mobile,23,0.31,0,0,0.0,0.0,0.0
2025-05-21,United Kingdom,Social Media,Mobile,22,0.53,12,0,0.0,0.0,0.0
2025-12-11,Singapore,Social Media,Mobile,21,0.19,3,1,50.96,0.0,0.0
2025-03-14,United States,Social Media,Mobile,27,0.63,6,2,458.45,0.0,0.0
2026-01-30,Singapore,Organic Search,Tablet,48,0.5,12,1,104.32,0.0,0.0
2026-04-07,India,Paid Ads,Desktop,27,0.51,6,3,811.15,51.93,14.62
2025-03-24,United Kingdom,Organic Search,Mobile,41,0.25,10,4,1293.48,0.0,0.0
2025-03-14,Canada,Organic Search,Mobile,4,0.24,3,3,869.14,0.0,0.0
2025-03-01,Germany,Organic Search,Mobile,17,0.46,6,5,1494.55,0.0,0.0
2025-09-23,India,Organic Search,Mobile,43,0.72,5,2,358.62,0.0,0.0
2026-03-27,Germany,Paid Ads,Mobile,18,0.52,7,2,102.52,95.08,0.08
2025-01-18,United Kingdom,Organic Search,Mobile,19,0.42,7,3,181.62,0.0,0.0
2025-12-13,Singapore,Organic Search,Desktop,7,0.17,3,0,0.0,0.0,0.0
2026-06-15,Canada,Social Media,Desktop,1,0.19,0,0,0.0,0.0,0.0
2025-09-28,India,Social Media,Mobile,36,0.28,1,1,223.78,0.0,0.0
2026-05-04,India,Organic Search,Mobile,29,0.74,15,3,928.84,0.0,0.0
2025-03-02,United Kingdom,Direct,Desktop,26,0.19,2,1,321.74,0.0,0.0
2026-06-07,India,Paid Ads,Mobile,27,0.61,15,7,2393.94,90.44,25.47
2025-10-04,Singapore,Email,Mobile,43,0.58,2,2,103.2,0.0,0.0
2025-08-18,India,Paid Ads,Mobile,23,0.4,8,7,1186.69,72.01,15.48
2025-12-15,India,Email,Desktop,41,0.28,13,3,932.58,0.0,0.0
2026-05-09,Germany,Paid Ads,Mobile,41,0.56,0,0,0.0,19.93,-1.0
2026-06-05,India,Social Media,Mobile,23,0.61,11,1,106.69,0.0,0.0
2026-06-25,United States,Organic Search,Mobile,46,0.38,7,0,0.0,0.0,0.0
2025-12-03,India,Direct,Mobile,49,0.26,9,3,856.86,0.0,0.0
2025-10-05,United States,Social Media,Mobile,42,0.21,2,0,0.0,0.0,0.0
2026-03-30,United States,Referral,Mobile,34,0.53,2,0,0.0,0.0,0.0
2025-01-12,India,Email,Mobile,44,0.45,13,7,1668.14,0.0,0.0
2026-04-06,United States,Paid Ads,Mobile,22,0.51,10,1,48.01,6.17,6.78
2025-08-06,India,Social Media,Mobile,49,0.34,2,0,0.0,0.0,0.0
2025-05-21,India,Email,Mobile,32,0.32,4,1,132.69,0.0,0.0
2026-06-20,India,Email,Mobile,4,0.22,4,3,175.69,0.0,0.0
2025-02-01,Germany,Direct,Mobile,21,0.6,7,5,479.87,0.0,0.0
2026-01-09,India,Paid Ads,Mobile,48,0.73,3,0,0.0,116.42,-1.0
2025-08-21,United Kingdom,Social Media,Tablet,36,0.29,12,5,245.68,0.0,0.0
2025-12-17,India,Social Media,Mobile,31,0.28,2,0,0.0,0.0,0.0
2025-03-09,United Kingdom,Social Media,Mobile,14,0.75,11,6,1893.32,0.0,0.0
2025-06-21,United Kingdom,Organic Search,Desktop,23,0.24,15,4,676.01,0.0,0.0
2025-12-25,India,Direct,Mobile,34,0.46,13,3,443.39,0.0,0.0
2025-12-24,India,Referral,Mobile,25,0.47,2,2,616.19,0.0,0.0
2025-03-24,India,Social Media,Desktop,15,0.31,13,3,930.55,0.0,0.0
2025-07-17,United States,Email,Mobile,29,0.38,14,1,48.99,0.0,0.0
2025-07-20,India,Organic Search,Desktop,21,0.72,6,0,0.0,0.0,0.0
2025-03-18,Singapore,Paid Ads,Mobile,29,0.59,0,0,0.0,84.2,-1.0
2025-06-30,United Kingdom,Referral,Desktop,32,0.23,4,2,238.27,0.0,0.0
2026-05-12,India,Social Media,Desktop,1,0.38,0,0,0.0,0.0,0.0
2025-12-27,India,Social Media,Mobile,29,0.44,2,1,93.86,0.0,0.0
2025-09-19,Singapore,Referral,Mobile,23,0.4,14,3,940.26,0.0,0.0
2025-03-07,India,Paid Ads,Mobile,39,0.58,3,1,323.79,99.78,2.25
2026-05-02,United States,Organic Search,Desktop,5,0.73,2,1,157.08,0.0,0.0
2025-12-01,United States,Organic Search,Mobile,40,0.21,0,0,0.0,0.0,0.0
2026-06-16,United Kingdom,Organic Search,Mobile,13,0.19,0,0,0.0,0.0,0.0
2025-07-02,Singapore,Direct,Mobile,42,0.7,15,4,627.21,0.0,0.0
2025-05-20,India,Paid Ads,Mobile,32,0.37,2,1,344.32,104.08,2.31
2026-04-19,United States,Organic Search,Mobile,1,0.23,1,0,0.0,0.0,0.0
2025-01-22,India,Direct,Desktop,9,0.72,1,1,275.24,0.0,0.0
2025-02-13,United States,Social Media,Mobile,30,0.16,4,2,252.76,0.0,0.0
2025-09-05,India,Organic Search,Desktop,24,0.31,14,3,767.7,0.0,0.0
2026-02-23,India,Paid Ads,Desktop,3,0.25,3,0,0.0,60.46,-1.0
2025-05-01,United Kingdom,Organic Search,Desktop,21,0.17,0,0,0.0,0.0,0.0
2025-09-21,United States,Organic Search,Desktop,26,0.66,2,0,0.0,0.0,0.0
2025-10-20,United States,Direct,Mobile,24,0.22,4,0,0.0,0.0,0.0
2026-05-18,United States,Social Media,Tablet,35,0.5,8,7,2145.56,0.0,0.0
2025-10-24,United States,Social Media,Desktop,49,0.37,15,4,1119.5,0.0,0.0
2025-08-28,India,Paid Ads,Mobile,39,0.21,11,0,0.0,25.15,-1.0
2025-10-31,United Kingdom,Organic Search,Mobile,40,0.35,0,0,0.0,0.0,0.0
2026-06-03,India,Paid Ads,Desktop,18,0.18,2,2,461.87,59.1,6.82
2026-03-23,Canada,Email,Desktop,25,0.53,8,1,216.59,0.0,0.0
2025-10-27,India,Paid Ads,Desktop,47,0.5,11,2,458.09,11.5,38.83
2026-02-10,Singapore,Social Media,Desktop,16,0.67,7,0,0.0,0.0,0.0
2025-02-28,United Kingdom,Referral,Desktop,37,0.18,9,5,971.73,0.0,0.0
2025-03-07,United States,Paid Ads,Mobile,21,0.7,9,4,1231.0,96.2,11.8
2026-03-27,India,Paid Ads,Mobile,3,0.46,2,0,0.0,81.52,-1.0
2025-03-10,United Kingdom,Organic Search,Desktop,15,0.53,15,7,1876.38,0.0,0.0
2025-07-16,India,Organic Search,Mobile,26,0.26,1,1,102.34,0.0,0.0
2025-11-08,India,Referral,Mobile,31,0.73,12,5,821.75,0.0,0.0
2025-04-11,United Kingdom,Organic Search,Desktop,2,0.44,0,0,0.0,0.0,0.0
2026-06-03,India,Organic Search,Mobile,1,0.62,0,0,0.0,0.0,0.0
2025-11-08,India,Organic Search,Desktop,33,0.69,11,8,1666.37,0.0,0.0
2025-04-24,Singapore,Organic Search,Desktop,33,0.68,3,0,0.0,0.0,0.0
2026-04-01,United Kingdom,Email,Mobile,30,0.16,8,7,673.6,0.0,0.0
2026-05-04,Germany,Organic Search,Tablet,16,0.38,14,6,2047.07,0.0,0.0
2025-05-11,India,Email,Mobile,40,0.74,10,3,843.87,0.0,0.0
2026-02-24,United States,Email,Mobile,8,0.67,1,0,0.0,0.0,0.0
2026-03-01,India,Organic Search,Desktop,23,0.26,4,4,815.1,0.0,0.0
2026-03-27,United Kingdom,Social Media,Mobile,25,0.39,12,8,1933.06,0.0,0.0
2025-01-04,Germany,Social Media,Mobile,13,0.34,0,0,0.0,0.0,0.0
2025-05-19,United States,Organic Search,Desktop,38,0.29,8,7,370.84,0.0,0.0
2025-07-09,United States,Direct,Desktop,41,0.33,5,1,76.5,0.0,0.0
2025-11-06,United Kingdom,Social Media,Mobile,1,0.27,1,0,0.0,0.0,0.0
2025-05-29,United States,Paid Ads,Tablet,1,0.36,0,0,0.0,59.69,-1.0
2025-01-01,United States,Email,Mobile,22,0.37,0,0,0.0,0.0,0.0
2026-05-17,Canada,Organic Search,Mobile,18,0.63,0,0,0.0,0.0,0.0
2026-02-11,India,Paid Ads,Mobile,49,0.59,8,3,675.48,66.98,9.08
2025-12-28,India,Paid Ads,Desktop,19,0.38,15,2,191.75,7.14,25.86
2025-05-14,United States,Social Media,Mobile,29,0.43,1,0,0.0,0.0,0.0
2025-06-11,Germany,Direct,Mobile,42,0.16,3,2,292.95,0.0,0.0
2025-06-14,India,Social Media,Mobile,24,0.44,15,3,146.81,0.0,0.0
2026-03-22,India,Email,Desktop,32,0.34,14,6,1479.78,0.0,0.0
2025-04-10,India,Social Media,Desktop,18,0.75,2,2,684.74,0.0,0.0
2026-05-23,Germany,Social Media,Mobile,16,0.4,12,5,675.81,0.0,0.0
2026-06-20,India,Email,Mobile,12,0.19,3,1,78.87,0.0,0.0
2025-05-12,Singapore,Direct,Desktop,44,0.23,3,3,605.79,0.0,0.0
2025-08-25,United Kingdom,Organic Search,Mobile,41,0.71,5,5,751.71,0.0,0.0
2025-04-11,India,Organic Search,Mobile,42,0.57,3,1,296.05,0.0,0.0
2025-09-16,United Kingdom,Paid Ads,Mobile,49,0.4,6,3,812.46,94.27,7.62
2025-02-01,India,Paid Ads,Mobile,44,0.54,10,2,616.48,25.76,22.93
2025-02-04,United States,Organic Search,Mobile,24,0.55,4,4,268.68,0.0,0.0
2025-05-26,Germany,Referral,Mobile,36,0.28,9,6,1088.6,0.0,0.0
2026-01-30,India,Social Media,Mobile,27,0.48,0,0,0.0,0.0,0.0
2025-08-17,United States,Organic Search,Mobile,17,0.41,11,1,327.88,0.0,0.0
2025-01-20,Canada,Paid Ads,Desktop,45,0.43,6,0,0.0,94.43,-1.0
2026-04-27,India,Direct,Mobile,11,0.25,2,0,0.0,0.0,0.0
2025-07-26,India,Direct,Mobile,24,0.6,11,4,311.99,0.0,0.0
2026-06-09,United Kingdom,Organic Search,Mobile,16,0.15,3,1,212.87,0.0,0.0
2025-08-20,Singapore,Social Media,Mobile,6,0.55,5,5,650.17,0.0,0.0
2025-04-16,United Kingdom,Direct,Desktop,49,0.48,1,1,338.38,0.0,0.0
2025-11-18,Canada,Social Media,Desktop,28,0.53,0,0,0.0,0.0,0.0
2025-08-04,Canada,Organic Search,Desktop,48,0.26,9,8,960.43,0.0,0.0
2025-11-19,Singapore,Paid Ads,Desktop,32,0.5,11,0,0.0,110.87,-1.0
2025-07-12,United States,Paid Ads,Mobile,35,0.55,15,2,342.69,45.02,6.61
2025-09-16,United Kingdom,Email,Mobile,44,0.43,2,1,319.48,0.0,0.0
2026-03-29,Singapore,Email,Desktop,36,0.73,4,3,1032.38,0.0,0.0
2025-05-11,United States,Social Media,Mobile,16,0.63,0,0,0.0,0.0,0.0
2026-02-12,United States,Social Media,Mobile,47,0.57,2,1,130.16,0.0,0.0
2025-09-16,Canada,Paid Ads,Desktop,32,0.44,15,4,758.32,69.03,9.99
2025-03-11,Singapore,Referral,Mobile,13,0.5,1,0,0.0,0.0,0.0
